--
-- PostgreSQL database dump
--

\restrict 7EMsf04JvuWEhkVYfOep41I6NbaFVKdkpHQtEwUeaQzeDoSjyg1kD9fdIzksnxq

-- Dumped from database version 18.1 (Debian 18.1-1.pgdg13+2)
-- Dumped by pg_dump version 18.1 (Debian 18.1-1.pgdg13+2)

SET statement_timeout = 0;
SET lock_timeout = 0;
SET idle_in_transaction_session_timeout = 0;
SET transaction_timeout = 0;
SET client_encoding = 'UTF8';
SET standard_conforming_strings = on;
SELECT pg_catalog.set_config('search_path', '', false);
SET check_function_bodies = false;
SET xmloption = content;
SET client_min_messages = warning;
SET row_security = off;

--
-- Name: pg_cron; Type: EXTENSION; Schema: -; Owner: -
--

CREATE EXTENSION IF NOT EXISTS pg_cron WITH SCHEMA pg_catalog;


--
-- Name: EXTENSION pg_cron; Type: COMMENT; Schema: -; Owner: 
--

COMMENT ON EXTENSION pg_cron IS 'Job scheduler for PostgreSQL';


--
-- Name: topology; Type: SCHEMA; Schema: -; Owner: postgres
--

CREATE SCHEMA topology;


ALTER SCHEMA topology OWNER TO postgres;

--
-- Name: SCHEMA topology; Type: COMMENT; Schema: -; Owner: postgres
--

COMMENT ON SCHEMA topology IS 'PostGIS Topology schema';


--
-- Name: hstore; Type: EXTENSION; Schema: -; Owner: -
--

CREATE EXTENSION IF NOT EXISTS hstore WITH SCHEMA public;


--
-- Name: EXTENSION hstore; Type: COMMENT; Schema: -; Owner: 
--

COMMENT ON EXTENSION hstore IS 'data type for storing sets of (key, value) pairs';


--
-- Name: postgis; Type: EXTENSION; Schema: -; Owner: -
--

CREATE EXTENSION IF NOT EXISTS postgis WITH SCHEMA public;


--
-- Name: EXTENSION postgis; Type: COMMENT; Schema: -; Owner: 
--

COMMENT ON EXTENSION postgis IS 'PostGIS geometry and geography spatial types and functions';


--
-- Name: pgrouting; Type: EXTENSION; Schema: -; Owner: -
--

CREATE EXTENSION IF NOT EXISTS pgrouting WITH SCHEMA public;


--
-- Name: EXTENSION pgrouting; Type: COMMENT; Schema: -; Owner: 
--

COMMENT ON EXTENSION pgrouting IS 'pgRouting Extension';


--
-- Name: postgis_raster; Type: EXTENSION; Schema: -; Owner: -
--

CREATE EXTENSION IF NOT EXISTS postgis_raster WITH SCHEMA public;


--
-- Name: EXTENSION postgis_raster; Type: COMMENT; Schema: -; Owner: 
--

COMMENT ON EXTENSION postgis_raster IS 'PostGIS raster types and functions';


--
-- Name: postgis_topology; Type: EXTENSION; Schema: -; Owner: -
--

CREATE EXTENSION IF NOT EXISTS postgis_topology WITH SCHEMA topology;


--
-- Name: EXTENSION postgis_topology; Type: COMMENT; Schema: -; Owner: 
--

COMMENT ON EXTENSION postgis_topology IS 'PostGIS topology spatial types and functions';


--
-- Name: asbinary(public.geometry); Type: FUNCTION; Schema: public; Owner: postgres
--

CREATE FUNCTION public.asbinary(public.geometry) RETURNS bytea
    LANGUAGE c IMMUTABLE STRICT
    AS '$libdir/postgis-3', 'LWGEOM_asBinary';


ALTER FUNCTION public.asbinary(public.geometry) OWNER TO postgres;

--
-- Name: asbinary(public.geometry, text); Type: FUNCTION; Schema: public; Owner: postgres
--

CREATE FUNCTION public.asbinary(public.geometry, text) RETURNS bytea
    LANGUAGE c IMMUTABLE STRICT
    AS '$libdir/postgis-3', 'LWGEOM_asBinary';


ALTER FUNCTION public.asbinary(public.geometry, text) OWNER TO postgres;

--
-- Name: astext(public.geometry); Type: FUNCTION; Schema: public; Owner: postgres
--

CREATE FUNCTION public.astext(public.geometry) RETURNS text
    LANGUAGE c IMMUTABLE STRICT
    AS '$libdir/postgis-3', 'LWGEOM_asText';


ALTER FUNCTION public.astext(public.geometry) OWNER TO postgres;

--
-- Name: estimated_extent(text, text); Type: FUNCTION; Schema: public; Owner: postgres
--

CREATE FUNCTION public.estimated_extent(text, text) RETURNS public.box2d
    LANGUAGE c IMMUTABLE STRICT SECURITY DEFINER
    AS '$libdir/postgis-3', 'geometry_estimated_extent';


ALTER FUNCTION public.estimated_extent(text, text) OWNER TO postgres;

--
-- Name: estimated_extent(text, text, text); Type: FUNCTION; Schema: public; Owner: postgres
--

CREATE FUNCTION public.estimated_extent(text, text, text) RETURNS public.box2d
    LANGUAGE c IMMUTABLE STRICT SECURITY DEFINER
    AS '$libdir/postgis-3', 'geometry_estimated_extent';


ALTER FUNCTION public.estimated_extent(text, text, text) OWNER TO postgres;

--
-- Name: geomfromtext(text); Type: FUNCTION; Schema: public; Owner: postgres
--

CREATE FUNCTION public.geomfromtext(text) RETURNS public.geometry
    LANGUAGE sql IMMUTABLE STRICT
    AS $_$SELECT ST_GeomFromText($1)$_$;


ALTER FUNCTION public.geomfromtext(text) OWNER TO postgres;

--
-- Name: geomfromtext(text, integer); Type: FUNCTION; Schema: public; Owner: postgres
--

CREATE FUNCTION public.geomfromtext(text, integer) RETURNS public.geometry
    LANGUAGE sql IMMUTABLE STRICT
    AS $_$SELECT ST_GeomFromText($1, $2)$_$;


ALTER FUNCTION public.geomfromtext(text, integer) OWNER TO postgres;

--
-- Name: ndims(public.geometry); Type: FUNCTION; Schema: public; Owner: postgres
--

CREATE FUNCTION public.ndims(public.geometry) RETURNS smallint
    LANGUAGE c IMMUTABLE STRICT
    AS '$libdir/postgis-3', 'LWGEOM_ndims';


ALTER FUNCTION public.ndims(public.geometry) OWNER TO postgres;

--
-- Name: setsrid(public.geometry, integer); Type: FUNCTION; Schema: public; Owner: postgres
--

CREATE FUNCTION public.setsrid(public.geometry, integer) RETURNS public.geometry
    LANGUAGE c IMMUTABLE STRICT
    AS '$libdir/postgis-3', 'LWGEOM_set_srid';


ALTER FUNCTION public.setsrid(public.geometry, integer) OWNER TO postgres;

--
-- Name: srid(public.geometry); Type: FUNCTION; Schema: public; Owner: postgres
--

CREATE FUNCTION public.srid(public.geometry) RETURNS integer
    LANGUAGE c IMMUTABLE STRICT
    AS '$libdir/postgis-3', 'LWGEOM_get_srid';


ALTER FUNCTION public.srid(public.geometry) OWNER TO postgres;

--
-- Name: st_asbinary(text); Type: FUNCTION; Schema: public; Owner: postgres
--

CREATE FUNCTION public.st_asbinary(text) RETURNS bytea
    LANGUAGE sql IMMUTABLE STRICT
    AS $_$ SELECT ST_AsBinary($1::geometry);$_$;


ALTER FUNCTION public.st_asbinary(text) OWNER TO postgres;

--
-- Name: st_astext(bytea); Type: FUNCTION; Schema: public; Owner: postgres
--

CREATE FUNCTION public.st_astext(bytea) RETURNS text
    LANGUAGE sql IMMUTABLE STRICT
    AS $_$ SELECT ST_AsText($1::geometry);$_$;


ALTER FUNCTION public.st_astext(bytea) OWNER TO postgres;

--
-- Name: gist_geometry_ops; Type: OPERATOR FAMILY; Schema: public; Owner: postgres
--

CREATE OPERATOR FAMILY public.gist_geometry_ops USING gist;
ALTER OPERATOR FAMILY public.gist_geometry_ops USING gist ADD
    OPERATOR 1 public.<<(public.geometry,public.geometry) ,
    OPERATOR 2 public.&<(public.geometry,public.geometry) ,
    OPERATOR 3 public.&&(public.geometry,public.geometry) ,
    OPERATOR 4 public.&>(public.geometry,public.geometry) ,
    OPERATOR 5 public.>>(public.geometry,public.geometry) ,
    OPERATOR 6 public.~=(public.geometry,public.geometry) ,
    OPERATOR 7 public.~(public.geometry,public.geometry) ,
    OPERATOR 8 public.@(public.geometry,public.geometry) ,
    OPERATOR 9 public.&<|(public.geometry,public.geometry) ,
    OPERATOR 10 public.<<|(public.geometry,public.geometry) ,
    OPERATOR 11 public.|>>(public.geometry,public.geometry) ,
    OPERATOR 12 public.|&>(public.geometry,public.geometry) ,
    OPERATOR 13 public.<->(public.geometry,public.geometry) FOR ORDER BY pg_catalog.float_ops ,
    OPERATOR 14 public.<#>(public.geometry,public.geometry) FOR ORDER BY pg_catalog.float_ops ,
    FUNCTION 3 (public.geometry, public.geometry) public.geometry_gist_compress_2d(internal) ,
    FUNCTION 4 (public.geometry, public.geometry) public.geometry_gist_decompress_2d(internal) ,
    FUNCTION 8 (public.geometry, public.geometry) public.geometry_gist_distance_2d(internal,public.geometry,integer);


ALTER OPERATOR FAMILY public.gist_geometry_ops USING gist OWNER TO postgres;

--
-- Name: gist_geometry_ops; Type: OPERATOR CLASS; Schema: public; Owner: postgres
--

CREATE OPERATOR CLASS public.gist_geometry_ops
    FOR TYPE public.geometry USING gist FAMILY public.gist_geometry_ops AS
    STORAGE public.box2df ,
    FUNCTION 1 (public.geometry, public.geometry) public.geometry_gist_consistent_2d(internal,public.geometry,integer) ,
    FUNCTION 2 (public.geometry, public.geometry) public.geometry_gist_union_2d(bytea,internal) ,
    FUNCTION 5 (public.geometry, public.geometry) public.geometry_gist_penalty_2d(internal,internal,internal) ,
    FUNCTION 6 (public.geometry, public.geometry) public.geometry_gist_picksplit_2d(internal,internal) ,
    FUNCTION 7 (public.geometry, public.geometry) public.geometry_gist_same_2d(public.geometry,public.geometry,internal);


ALTER OPERATOR CLASS public.gist_geometry_ops USING gist OWNER TO postgres;

SET default_tablespace = '';

SET default_table_access_method = heap;

--
-- Name: delivery_rules; Type: TABLE; Schema: public; Owner: postgres
--

CREATE TABLE public.delivery_rules (
    id integer NOT NULL,
    name character varying(50) NOT NULL,
    logic text NOT NULL,
    created_at timestamp with time zone DEFAULT CURRENT_TIMESTAMP
);


ALTER TABLE public.delivery_rules OWNER TO postgres;

--
-- Name: delivery_rules_id_seq; Type: SEQUENCE; Schema: public; Owner: postgres
--

CREATE SEQUENCE public.delivery_rules_id_seq
    AS integer
    START WITH 1
    INCREMENT BY 1
    NO MINVALUE
    NO MAXVALUE
    CACHE 1;


ALTER SEQUENCE public.delivery_rules_id_seq OWNER TO postgres;

--
-- Name: delivery_rules_id_seq; Type: SEQUENCE OWNED BY; Schema: public; Owner: postgres
--

ALTER SEQUENCE public.delivery_rules_id_seq OWNED BY public.delivery_rules.id;


--
-- Name: fences; Type: TABLE; Schema: public; Owner: postgres
--

CREATE TABLE public.fences (
    id integer NOT NULL,
    merchant_id character varying(50),
    fence_name character varying(100) NOT NULL,
    fence_desc text,
    rule_id integer,
    shape_type character varying(10) NOT NULL,
    radius numeric(10,2) DEFAULT 0 NOT NULL,
    geometry public.geography(Geometry,4326) NOT NULL,
    created_at timestamp with time zone DEFAULT CURRENT_TIMESTAMP,
    updated_at timestamp with time zone DEFAULT CURRENT_TIMESTAMP,
    CONSTRAINT fences_shape_type_check CHECK (((shape_type)::text = ANY ((ARRAY['polygon'::character varying, 'circle'::character varying])::text[])))
);


ALTER TABLE public.fences OWNER TO postgres;

--
-- Name: fences_id_seq; Type: SEQUENCE; Schema: public; Owner: postgres
--

CREATE SEQUENCE public.fences_id_seq
    AS integer
    START WITH 1
    INCREMENT BY 1
    NO MINVALUE
    NO MAXVALUE
    CACHE 1;


ALTER SEQUENCE public.fences_id_seq OWNER TO postgres;

--
-- Name: fences_id_seq; Type: SEQUENCE OWNED BY; Schema: public; Owner: postgres
--

ALTER SEQUENCE public.fences_id_seq OWNED BY public.fences.id;


--
-- Name: merchants; Type: TABLE; Schema: public; Owner: postgres
--

CREATE TABLE public.merchants (
    id character varying(50) NOT NULL,
    name character varying(100) NOT NULL,
    address text,
    center_location public.geography(Point,4326),
    created_at timestamp with time zone DEFAULT CURRENT_TIMESTAMP
);


ALTER TABLE public.merchants OWNER TO postgres;

--
-- Name: orders; Type: TABLE; Schema: public; Owner: postgres
--

CREATE TABLE public.orders (
    id character varying(50) NOT NULL,
    user_id character varying(50),
    merchant_id character varying(50),
    create_time timestamp with time zone DEFAULT CURRENT_TIMESTAMP NOT NULL,
    amount numeric(10,2) NOT NULL,
    status character varying(20) NOT NULL,
    recipient_name character varying(100) NOT NULL,
    recipient_address text NOT NULL,
    recipient_coords public.geography(Point,4326) NOT NULL,
    current_position public.geography(Point,4326),
    route_path public.geography(LineString,4326),
    last_update_time timestamp with time zone,
    is_abnormal boolean DEFAULT false NOT NULL,
    rule_id integer
);


ALTER TABLE public.orders OWNER TO postgres;

--
-- Name: users; Type: TABLE; Schema: public; Owner: postgres
--

CREATE TABLE public.users (
    id character varying(50) NOT NULL,
    phone character varying(20) NOT NULL,
    name character varying(100) NOT NULL,
    created_at timestamp with time zone DEFAULT CURRENT_TIMESTAMP
);


ALTER TABLE public.users OWNER TO postgres;

--
-- Name: delivery_rules id; Type: DEFAULT; Schema: public; Owner: postgres
--

ALTER TABLE ONLY public.delivery_rules ALTER COLUMN id SET DEFAULT nextval('public.delivery_rules_id_seq'::regclass);


--
-- Name: fences id; Type: DEFAULT; Schema: public; Owner: postgres
--

ALTER TABLE ONLY public.fences ALTER COLUMN id SET DEFAULT nextval('public.fences_id_seq'::regclass);


--
-- Data for Name: job; Type: TABLE DATA; Schema: cron; Owner: postgres
--

COPY cron.job (jobid, schedule, command, nodename, nodeport, database, username, active, jobname) FROM stdin;
\.


--
-- Data for Name: job_run_details; Type: TABLE DATA; Schema: cron; Owner: postgres
--

COPY cron.job_run_details (jobid, runid, job_pid, database, username, command, status, return_message, start_time, end_time) FROM stdin;
\.


--
-- Data for Name: delivery_rules; Type: TABLE DATA; Schema: public; Owner: postgres
--

COPY public.delivery_rules (id, name, logic, created_at) FROM stdin;
101	标准配送	3	2025-12-05 07:44:38.967963+00
102	极速达	6	2025-12-05 07:44:38.967963+00
\.


--
-- Data for Name: fences; Type: TABLE DATA; Schema: public; Owner: postgres
--

COPY public.fences (id, merchant_id, fence_name, fence_desc, rule_id, shape_type, radius, geometry, created_at, updated_at) FROM stdin;
7	10001	圆形	\N	102	circle	2673.03	0101000020E6100000C0417BF5F11A5D405DC2A1B778F84340	2025-12-08 14:44:32.515194+00	2025-12-08 14:44:32.515194+00
1	10001	测试多边形围栏	Apifox测试	101	polygon	0.00	0103000020E61000000100000006000000105839B4C81E5D408FC2F5285CFF4340B9FAB1497E1F5D40F0FACC599F004440F2D24D6210205D4052B81E85EB014440105839B4C81E5D4052B81E85EB0144405F622CD32F1F5D40E048A0C1A6004440105839B4C81E5D408FC2F5285CFF4340	2025-12-05 07:53:40.316908+00	2025-12-08 15:36:53.93416+00
6	10001	测试配送区域c		102	polygon	0.00	0103000020E610000001000000060000009D9D0C8E926C5C40CDCCCCCCCC4C4340A12C7C7DAD4F5C4006B98B3045EB4240F584251E50845C40F451465C00BA4240EF1AF4A5B79A5C40E04BE141B3B342408925E5EE73A55C4021CD58349D2943409D9D0C8E926C5C40CDCCCCCCCC4C4340	2025-12-08 14:41:23.907937+00	2025-12-08 16:30:25.727536+00
\.


--
-- Data for Name: merchants; Type: TABLE DATA; Schema: public; Owner: postgres
--

COPY public.merchants (id, name, address, center_location, created_at) FROM stdin;
10001	总部旗舰店	某某路888号	0101000020E6100000F1A0D9756F195D4063450DA661F44340	2025-12-05 07:44:26.82255+00
\.


--
-- Data for Name: orders; Type: TABLE DATA; Schema: public; Owner: postgres
--

COPY public.orders (id, user_id, merchant_id, create_time, amount, status, recipient_name, recipient_address, recipient_coords, current_position, route_path, last_update_time, is_abnormal, rule_id) FROM stdin;
479f0f42-3b58-4ddf-b13c-ba338bcae094	d74823ab-1234-4a2a-b9c2-9e909a7b746c	10001	2025-12-07 13:41:55.850671+00	299.00	delivered	测试用户	北京市朝阳区测试地址	0101000020E61000008CDB68006F195D405C2041F163F44340	0101000020E61000003D0AD7A370195D40BF7D1D3867F44340	0102000020E6100000070000008CDB68006F195D405C2041F163F443403D0AD7A370195D40BF7D1D3867F44340EF38454772195D4023DBF97E6AF44340A167B3EA73195D408638D6C56DF443405396218E75195D40EA95B20C71F4434005C58F3177195D404DF38E5374F44340B6F3FDD478195D40B1506B9A77F44340	2025-12-09 17:41:48.081803+00	f	102
16fdd39f-90cd-42fc-8fd0-25780ccc0d85	d74823ab-1234-4a2a-b9c2-9e909a7b746c	10001	2025-12-05 03:00:36.194923+00	98.60	delivered	钱多多	北京市朝阳区国贸大厦	0101000020E6100000AC1C5A643B1F5D408FC2F5285CFF4340	\N	\N	\N	f	101
343977bd-dfce-44be-9f27-380faa48ef6e	d74823ab-1234-4a2a-b9c2-9e909a7b746c	10001	2025-12-05 05:00:47.2606+00	250.50	delivered	王大锤	北京市朝阳区朝阳公园南路	0101000020E6100000AC1C5A643B1F5D408FC2F5285CFF4340	\N	\N	\N	f	101
3c859623-9693-472b-8eae-24d32060fcab	d74823ab-1234-4a2a-b9c2-9e909a7b746c	10001	2025-12-04 08:00:47.289446+00	45.80	delivered	张三丰	北京市海淀区中关村	0101000020E6100000AC1C5A643B1F5D408FC2F5285CFF4340	\N	\N	\N	f	101
75286995-ca21-4b37-8586-7888f0a20a12	d74823ab-1234-4a2a-b9c2-9e909a7b746c	10001	2025-12-05 03:00:52.322862+00	98.60	delivered	钱多多	北京市朝阳区国贸大厦	0101000020E6100000AC1C5A643B1F5D408FC2F5285CFF4340	\N	\N	\N	f	101
3ae880b3-c5c0-4cac-8ebd-8d3d790bfc63	d74823ab-1234-4a2a-b9c2-9e909a7b746c	10001	2025-12-05 06:00:52.32612+00	30.20	shipping	孙悟空	北京市昌平区沙河镇	0101000020E6100000AC1C5A643B1F5D408FC2F5285CFF4340	\N	\N	\N	f	101
93a7925a-253d-4a56-b10a-93fed648d7de	d74823ab-1234-4a2a-b9c2-9e909a7b746c	10001	2025-12-05 04:00:52.330184+00	280.00	shipping	吴彦祖	北京市西城区金融街	0101000020E6100000AC1C5A643B1F5D408FC2F5285CFF4340	\N	\N	\N	f	101
4c092c1b-74e5-4d51-baba-79d8c6fd20a7	d74823ab-1234-4a2a-b9c2-9e909a7b746c	10001	2025-12-03 08:01:02.541847+00	75.00	cancelled	测试用户A	北京市丰台区丽泽商务区	0101000020E6100000AC1C5A643B1F5D408FC2F5285CFF4340	\N	\N	\N	f	101
f1908954-a570-4806-aac1-5480a6f482d3	d74823ab-1234-4a2a-b9c2-9e909a7b746c	10001	2025-12-05 08:00:47.290051+00	300.99	arrived	赵云	北京市朝阳区三里屯	0101000020E6100000AC1C5A643B1F5D408FC2F5285CFF4340	0101000020E6100000AC1C5A643B1F5D408FC2F5285CFF4340	0102000020E6100000040000001F85EB51B81E5D403333333333F343403B014D840D1F5D4008AC1C5A64F3434008AC1C5A641F5D40DD24068195F343406E50FBAD9D1F5D40F04E3E3DB6F34340	2025-12-05 08:15:12.342604+00	f	101
433def27-59d2-4807-925f-2429122f9b1a	d74823ab-1234-4a2a-b9c2-9e909a7b746c	10001	2025-12-07 12:57:13.602187+00	299.00	delivered	新测试订单	北京市朝阳区测试地址	0101000020E61000008FC2F5285C1F5D400000000000004440	0101000020E61000008FC2F5285C1F5D400000000000004440	0102000020E6100000050000001F85EB51B81E5D408FC2F5285CFF4340D7A3703D0A1F5D40560E2DB29DFF43408FC2F5285C1F5D40000000000000444048E17A14AE1F5D40C74B3789410044400000000000205D40713D0AD7A3004440	2025-12-07 12:58:34.726423+00	f	101
9f587ecc-4ac2-418b-ab13-cd5fe2381855	d74823ab-1234-4a2a-b9c2-9e909a7b746c	10001	2025-12-05 07:50:52.328755+00	150.00	arrived	周杰伦	北京市朝阳区某小区	0101000020E6100000AC1C5A643B1F5D408FC2F5285CFF4340	0101000020E6100000AC1C5A643B1F5D408FC2F5285CFF4340	0102000020E6100000040000001F85EB51B81E5D403333333333F343403B014D840D1F5D4008AC1C5A64F3434008AC1C5A641F5D40DD24068195F343406E50FBAD9D1F5D40F04E3E3DB6F34340	2025-12-05 08:29:40.144541+00	f	101
ab72da26-5a70-4149-b7c3-988f2f8cb8f6	d74823ab-1234-4a2a-b9c2-9e909a7b746c	10001	2025-12-07 12:37:10.334797+00	299.00	arrived	测试用户	北京市朝阳区测试地址	0101000020E61000008FC2F5285C1F5D400000000000004440	0101000020E61000008FC2F5285C1F5D400000000000004440	0102000020E6100000050000001F85EB51B81E5D408FC2F5285CFF4340D7A3703D0A1F5D40560E2DB29DFF43408FC2F5285C1F5D40000000000000444048E17A14AE1F5D40C74B3789410044400000000000205D40713D0AD7A3004440	2025-12-07 12:54:25.706019+00	f	101
80e83c61-7efe-44b6-b5b8-03433b87cb8e	d74823ab-1234-4a2a-b9c2-9e909a7b746c	10001	2025-12-07 13:13:15.717891+00	299.00	arrived	测试用户	北京市朝阳区测试地址	0101000020E61000008CDB68006F195D405C2041F163F44340	0101000020E61000003D0AD7A370195D40BF7D1D3867F44340	0102000020E6100000070000008CDB68006F195D405C2041F163F443403D0AD7A370195D40BF7D1D3867F44340EF38454772195D4023DBF97E6AF44340A167B3EA73195D408638D6C56DF443405396218E75195D40EA95B20C71F4434005C58F3177195D404DF38E5374F44340B6F3FDD478195D40B1506B9A77F44340	2025-12-07 13:17:31.938751+00	f	102
661f1784-db4e-427d-b0e7-0090995e4577	d74823ab-1234-4a2a-b9c2-9e909a7b746c	10001	2025-12-05 07:00:47.288684+00	120.00	pending	李小美	北京市朝阳区望京SOHO	0101000020E6100000AC1C5A643B1F5D408FC2F5285CFF4340	\N	\N	2025-12-07 13:28:35.158385+00	t	101
fae2eb11-88bf-42e6-bdcb-debbbe129ae2	d74823ab-1234-4a2a-b9c2-9e909a7b746c	10001	2025-12-07 14:02:30.485828+00	299.00	delivered	测试用户	北京市朝阳区测试地址	0101000020E61000008FC2F5285C1F5D400000000000004440	0101000020E61000009EEFA7C64B1F5D4039454772F9FF4340	0102000020E6100000160000001F85EB51B81E5D408FC2F5285CFF4340105839B4C81E5D40736891ED7CFF4340022B8716D91E5D40643BDF4F8DFF4340F4FDD478E91E5D40560E2DB29DFF4340E5D022DBF91E5D4048E17A14AEFF4340D7A3703D0A1F5D4039B4C876BEFF4340C976BE9F1A1F5D402B8716D9CEFF4340BA490C022B1F5D401D5A643BDFFF4340AC1C5A643B1F5D400E2DB29DEFFF43409EEFA7C64B1F5D4039454772F9FF43408FC2F5285C1F5D4000000000000044408195438B6C1F5D40C7BAB88D06004440736891ED7C1F5D40F2D24D6210004440643BDF4F8D1F5D40E3A59BC420004440560E2DB29D1F5D40D578E9263100444048E17A14AE1F5D40C74B37894100444039B4C876BE1F5D40B81E85EB510044402B8716D9CE1F5D40AAF1D24D620044401D5A643BDF1F5D409CC420B0720044400E2DB29DEF1F5D408D976E12830044400000000000205D407F6ABC74930044400000000000205D40713D0AD7A3004440	2025-12-07 14:03:15.674192+00	f	101
ddcde663-f8e5-474e-ae09-39b80f429e7f	d74823ab-1234-4a2a-b9c2-9e909a7b746c	10001	2025-12-07 13:46:32.842798+00	299.00	shipping	测试用户	北京市朝阳区测试地址	0101000020E61000008CDB68006F195D405C2041F163F44340	0101000020E61000000000000000205D40713D0AD7A3004440	0102000020E6100000160000001F85EB51B81E5D408FC2F5285CFF4340105839B4C81E5D40736891ED7CFF4340022B8716D91E5D40643BDF4F8DFF4340F4FDD478E91E5D40560E2DB29DFF4340E5D022DBF91E5D4048E17A14AEFF4340D7A3703D0A1F5D4039B4C876BEFF4340C976BE9F1A1F5D402B8716D9CEFF4340BA490C022B1F5D401D5A643BDFFF4340AC1C5A643B1F5D400E2DB29DEFFF43409EEFA7C64B1F5D4039454772F9FF43408FC2F5285C1F5D4000000000000044408195438B6C1F5D40C7BAB88D06004440736891ED7C1F5D40F2D24D6210004440643BDF4F8D1F5D40E3A59BC420004440560E2DB29D1F5D40D578E9263100444048E17A14AE1F5D40C74B37894100444039B4C876BE1F5D40B81E85EB510044402B8716D9CE1F5D40AAF1D24D620044401D5A643BDF1F5D409CC420B0720044400E2DB29DEF1F5D408D976E12830044400000000000205D407F6ABC74930044400000000000205D40713D0AD7A3004440	2025-12-07 13:55:04.338254+00	t	102
eb33b64c-8cee-461a-ab05-36b671c2ab38	d74823ab-1234-4a2a-b9c2-9e909a7b746c	10001	2025-12-07 12:27:40.107891+00	299.00	pending	测试用户	北京市朝阳区测试地址	0101000020E61000008FC2F5285C1F5D400000000000004440	\N	\N	2025-12-07 14:28:08.136425+00	t	101
809cba43-f75f-4aa8-b8d5-e4763a6bdb8a	d74823ab-1234-4a2a-b9c2-9e909a7b746c	10001	2025-12-05 08:00:23.68338+00	300.99	arrived	赵云	北京市朝阳区三里屯	0101000020E6100000AC1C5A643B1F5D408FC2F5285CFF4340	0101000020E610000091B6F1272A1F5D40310BED9C66FF4340	0102000020E6100000940100001A4E999B6F195D4063450DA661F44340213F1BB96E195D40A9143B1A87F4434092CCEA1D6E195D40B360E28FA2F443409F94490D6D195D4042959A3DD0F4434016DF50F86C195D404B732B84D5F4434016DF50F86C195D404B732B84D5F443402E58AA0B78195D403FC571E0D5F44340B471C45A7C195D403317B83CD6F44340B471C45A7C195D403317B83CD6F443403293A8177C195D40543A58FFE7F44340386A85E97B195D4085436FF1F0F44340B471C45A7C195D407E1EA33CF3F44340315F5E807D195D408F554ACFF4F4434033C005D9B2195D409E245D33F9F44340C7D5C8AEB4195D4086C8E9EBF9F44340C7BB2363B5195D4085949F54FBF44340C1E44691B5195D40856055BDFCF443403849F3C7B4195D40DAE1AFC91AF54340BB0D6ABFB5195D40FBE769C020F5434044C362D4B5195D40E814E46723F5434044C362D4B5195D40E814E46723F543406BD784B4C6195D40E223624A24F543407BC03C64CA195D40F38E537424F543407381CB63CD195D40E814E46723F543409032E202D0195D40FA7FD59123F5434004C765DCD4195D40EED11BEE23F543402CF52C08E5195D40E7E099D024F543404CC79C67EC195D400BB77C2425F54340D9D138D4EF195D40ED9DD15625F5434067614F3BFC195D4004C6FA0626F5434009C4EBFA051A5D400A83328D26F543400890A163071A5D40F7AFAC3429F543400E677E35071A5D4021C8410933F543400E677E35071A5D4026512FF834F5434002D369DD061A5D404640852348F5434008AA46AF061A5D405C1D007157F5434003ED0E29061A5D408E7747C66AF5434009C4EBFA051A5D40A29BFD8172F5434009C4EBFA051A5D40AD156D8E73F54340FD2FD7A2051A5D40C45A7C0A80F54340FD2FD7A2051A5D40D591239D81F543400307B474051A5D40D9B27C5D86F5434080289831051A5D40E6E5B0FB8EF5434080289831051A5D40F81C588E90F54340F7729F1C051A5D40FC71FBE593F5434087191A4F041A5D4068041BD7BFF5434087191A4F041A5D405665DF15C1F543406FF1F09E031A5D40CCB8A981E6F5434075C8CD70031A5D40D9EBDD1FEFF54340FF976BD1021A5D403F70952710F64340056F48A3021A5D4046B247A819F64340F3035779021A5D4052499D8026F64340F9DA334B021A5D40753C66A032F64340F9DA334B021A5D4091B932A836F64340F9DA334B021A5D40A2F0D93A38F64340FFB1101D021A5D409F20B1DD3DF6434076FC1708021A5D40923EADA23FF643407CD3F4D9011A5D40B2101D0247F64340F9F4D896011A5D40CCF10A444FF64340703FE081011A5D40B3614D6551F64340FFCBB568011A5D40D5CF9B8A54F643407616BD53011A5D40BC3FDEAB56F643407616BD53011A5D40C1C8CB9A58F643407CED9925011A5D40F33977BB5EF64340FA0E7EE2001A5D40E4874A2366F64340715985CD001A5D40062AE3DF67F643406B9C4D47001A5D400934D8D479F64340EFAEB321FF195D405E81E84999F643407E3B8908FF195D406F8445459CF6434072A774B0FE195D40A96BED7DAAF64340787E5182FE195D409AED0A7DB0F64340E90B21E7FD195D40BF99982EC4F64340EFE2FDB8FD195D40EC4D0CC9C9F64340F5B9DA8AFD195D40F52B9D0FCFF64340EA25C632FD195D400ED940BAD8F643406D1E87C1FC195D402F302B14E9F64340EA3F6B7EFC195D403E97A949F0F64340EA3F6B7EFC195D404FCE50DCF1F64340EA5910CAFB195D4071AAB5300BF74340677BF486FB195D409B5AB6D617F743405C01857AFA195D400400C79E3DF743405C01857AFA195D400400C79E3DF7434072C119FCFD195D40E6E61BD13DF74340F9C08EFF021A5D40F8510DFB3DF74340F9C08EFF021A5D40F8510DFB3DF74340FF976BD1021A5D40E316F37343F7434076E272BC021A5D400551F70148F743407CB94F8E021A5D4019A9F7544EF74340F9DA334B021A5D40406CE9D154F7434070253B36021A5D4032569BFF57F74340ED461FF3011A5D405649641F64F743407CD3F4D9011A5D403C855CA967F74340703FE081011A5D40807EDFBF79F74340703FE081011A5D40807EDFBF79F743401FA16648151A5D40750470B378F743404DF4F928231A5D407BF5F1D077F743405C751DAA291A5D4087A3AB7477F74340556AF6402B1A5D4087A3AB7477F74340DC8310902F1A5D40698A00A777F743406840BD19351A5D40698A00A777F7434004E621533E1A5D407BF5F1D077F7434027D9EA724A1A5D406F47382D78F74340B39597FC4F1A5D4081B2295778F7434048E2E5E95C1A5D40750470B378F74340CA8CB7955E1A5D40750470B378F743409485AFAF751A5D406956B60F79F74340A4A5F276841A5D406E13EE9579F74340BEA085048C1A5D4092E9D0E979F743404FE61F7D931A5D408CF84ECC7AF74340E59A02999D1A5D408BC404357CF74340070C923EAD1A5D406C43C5387FF743408FA7E507AE1A5D407DAEB6627FF7434099B9C0E5B11A5D4095D6DF1280F7434016A75A0BB31A5D4095D6DF1280F74340A83AE466B81A5D4095D6DF1280F743402E54FEB5BC1A5D4095D6DF1280F74340BA10AB3FC21A5D4095D6DF1280F743405534D6FECE1A5D409A93179980F74340F7CABC55D71A5D407D7A6CCB80F7434000750305DE1A5D407D7A6CCB80F743409AB2D30FEA1A5D407D7A6CCB80F74340309B00C3F21A5D407D7A6CCB80F74340D76CE525FF1A5D408EE55DF580F743401B834E081D1B5D407D7A6CCB80F743402191B6F1271B5D408EE55DF580F74340D1747632381B5D408237A45181F743405F7F129F3B1B5D408237A45181F74340EB3BBF28411B5D40A0504F1F81F74340FAF02C41461B5D40A0504F1F81F743401002F225541B5D408EE55DF580F74340BB0ED594641B5D408EE55DF580F7434050A912656F1B5D40A0504F1F81F74340DF1B4300701B5D40A0504F1F81F7434054FEB5BC721B5D40A0504F1F81F74340EF3B86C77E1B5D408237A45181F743409641B5C1891B5D4094A2957B81F7434017B83CD68C1B5D408237A45181F74340A93121E6921B5D408237A45181F74340BEBD6BD0971B5D408237A45181F743403FE603029D1B5D4094A2957B81F74340D02B9E7AA41B5D4094A2957B81F74340C9207711A61B5D408237A45181F743406EBE11DDB31B5D408EE55DF580F743407FDB1324B61B5D408EE55DF580F74340FBAE08FEB71B5D407D7A6CCB80F7434007431D56B81B5D407D7A6CCB80F7434094331477BC1B5D40A741D13C80F7434094331477BC1B5D40A741D13C80F74340048D9944BD1B5D408A90BA9D7DF743408D28ED0DBE1B5D4067EE21E17BF74340147651F4C01B5D4087A3AB7477F743401A19E42EC21B5D406ABE4A3E76F74340130EBDC5C31B5D405F44DB3175F743409B8F6B43C51B5D405987A3AB74F74340ACAC6D8AC71B5D405987A3AB74F743402CD505BCCC1B5D405F44DB3175F743403D0CAD4ECE1B5D40650113B875F743402B8716D9CE1B5D4088D7F50B76F74340BAF94674CF1B5D40707B82C476F74340AD174339D11B5D406956B60F79F74340BD344580D31B5D407825C9737DF74340C3D7D7BAD41B5D4095D6DF1280F74340C3D7D7BAD41B5D4095D6DF1280F74340C72C7B12D81B5D407689EAAD81F74340D00A0C59DD1B5D4088F4DBD781F74340D57954FCDF1B5D409A5FCD0182F743406002B7EEE61B5D4088F4DBD781F7434013B69F8CF11B5D407689EAAD81F743400F98874CF91B5D4088F4DBD781F743402C499EEBFB1B5D4088F4DBD781F74340469561DC0D1C5D409F1C058882F74340454772F90F1C5D4082035ABA82F74340D7C05609161C5D4082035ABA82F74340EC4CA1F31A1C5D409F1C058882F74340F94B8BFA241C5D408EB1135E82F743405B9885764E1C5D4082035ABA82F74340E76ED74B531C5D4082035ABA82F743407880272D5C1C5D409F1C058882F743401B65FD66621C5D409F1C058882F7434096EA025E661C5D409F1C058882F7434095B6B8C6671C5D409F1C058882F743401E520C90681C5D409F1C058882F743402D211FF46C1C5D4082035ABA82F7434001158E20951C5D40936E4BE482F74340ABED26F8A61C5D40936E4BE482F74340D8F2CAF5B61C5D40936E4BE482F74340FA635A9BC61C5D408EB1135E82F743408FE4F21FD21C5D407C46223482F7434028D192C7D31C5D40B5A84F7287F743409A44BDE0D31C5D40A06D35EB8CF74340164CFC51D41C5D40C05C8B16A0F7434010751F80D41C5D40E8D84125AEF7434010751F80D41C5D40F9DB9E20B1F74340992A1895D41C5D4013F1D6F9B7F7434022E010AAD41C5D4019CBF44BC4F743401C0934D8D41C5D407AC6BE64E3F743401C0934D8D41C5D4085402E71E4F743401C0934D8D41C5D4067F3380CE6F74340A5BE2CEDD41C5D40A4AA09A2EEF74340A5BE2CEDD41C5D4090D78349F1F743409FE74F1BD51C5D40CB0F5CE509F8434098F6CDFDD51C5D40CB0F5CE509F84340A8DF85ADD91C5D40E92807B309F8434040FCFCF7E01C5D40D7BD158909F843404E637B2DE81C5D40E92807B309F84340560DC2DCEE1C5D40BF61A2410AF843405B7C0A80F11C5D40BF61A2410AF8434065C22FF5F31C5D40BF61A2410AF84340F14A92E7FA1C5D40BF61A2410AF843409D0DF967061D5D40DD7A4D0F0AF843409D0DF967061D5D40DD7A4D0F0AF843400F812381061D5D40B0C6D97404F843408B8862F2061D5D40B7EBA52902F8434023BF7E880D1D5D40ABECBB22F8F74340AB5AD2510E1D5D4093C49272F7F74340AAF23D23111D5D409F724C16F7F74340AE6186C6131D5D40AB2006BAF6F74340B3EA73B5151D5D409AB51490F6F7434043C879FF1F1D5D409AB51490F6F743405ABC5818221D5D409AB51490F6F74340DB183BE1251D5D40AB2006BAF6F74340DB183BE1251D5D40AB2006BAF6F7434054E57B46221D5D4089B2B794F3F743405ABC5818221D5D40728A8EE4F2F743405ABC5818221D5D40728A8EE4F2F743405ABC5818221D5D40753DD175E1F743405ABC5818221D5D40753DD175E1F743405ABC5818221D5D4084F57F0EF3F7434054E57B46221D5D4089B2B794F3F74340DB183BE1251D5D40AB2006BAF6F74340DB183BE1251D5D40AB2006BAF6F743406AA510C8251D5D40BB0CFFE906F84340E1EF17B3251D5D40D4B9A29410F843406AA510C8251D5D40E08442041CF84340DB183BE1251D5D401BA034D428F84340E1EF17B3251D5D4013471E882CF84340583A1F9E251D5D40317DAF2138F84340E1EF17B3251D5D405D4E098849F843406AA510C8251D5D408CBB41B456F8434064CE33F6251D5D40B858518369F84340D5415E0F261D5D40D55A988576F84340D5415E0F261D5D40DF6C73637AF84340D9B0A6B2281D5D40DF6C73637AF84340996379573D1D5D40C153C8957AF84340A662635E471D5D40C153C8957AF84340E3361AC05B1D5D40C710001C7BF84340593332C85D1D5D40C710001C7BF8434005C24EB16A1D5D40EBE6E26F7BF843402BA226FA7C1D5D40CDCD37A27BF843403FE08101841D5D40DE3829CC7BF84340D28DB0A8881D5D40DE3829CC7BF84340D9E90775911D5D40E6AE25E483F84340D9E90775911D5D40224F92AE99F84340629F008A911D5D4093020B60CAF84340629F008A911D5D4093020B60CAF84340D3122BA3911D5D40B891B245D2F843405CC823B8911D5D40C860C5A9D6F8434056F146E6911D5D40CFF3A78DEAF8434056F146E6911D5D40D769A4A5F2F84340DFA63FFB911D5D402979758E01F9434056F146E6911D5D402DCE18E604F9434056F146E6911D5D4019C748F608F94340CD3B4ED1911D5D404698A25C1AF943405CC823B8911D5D40734C16F71FF94340CD3B4ED1911D5D40809C306134F94340DFA63FFB911D5D4095F430B43AF94340501A6A14921D5D40A8E49CD843F94340CD3B4ED1911D5D40C4B2994352F943405CC823B8911D5D40D2E5CDE15AF943405CC823B8911D5D40F77475C762F94340CD3B4ED1911D5D404014CC9882F94340629F008A911D5D404A26A77686F94340D3122BA3911D5D40516859F78FF94340CD3B4ED1911D5D409561DC0DA2F94340CD3B4ED1911D5D4086E3F90CA8F94340DFA63FFB911D5D40B1FB8EE1B1F9434056F146E6911D5D40C38366D7BDF94340CD3B4ED1911D5D40C0E78711C2F94340D3122BA3911D5D40E1ED4108C8F94340D3122BA3911D5D40E1ED4108C8F94340DA1D520C901D5D4014B01D8CD8F943404CC5C6BC8E1D5D401BF2CF0CE2F94340473CD9CD8C1D5D405875560BECF94340D15966118A1D5D4075779D0DF9F943404301DBC1881D5D407898F6CDFDF94340BB99D18F861D5D408DF0F62004FA4340ABB019E0821D5D409A232BBF0CFA4340B9FAB1497E1D5D40A8565F5D15FA4340A9DDAF027C1D5D40B72572C119FA43401CEDB8E1771D5D40B421FFCC20FA43407F130A11701D5D40CC9A58E02BFA43400917F2086E1D5D40DC9DB5DB2EFA434073486AA1641D5D40E277D32D3BFA4340ECFA05BB611D5D401B0E4B033FFA4340DFE17668581D5D4003CFBD874BFA4340506F46CD571D5D40098CF50D4CFA43402975C938461D5D405663096B63FA43402975C938461D5D405663096B63FA43409DB81CAF401D5D4064CA87A06AFA4340982F2FC03E1D5D4075012F336CFA43400AD7A3703D1D5D406F10AD156DFA434091B932A8361D5D406DA818E76FFA4340F4C5DE8B2F1D5D408198840B79FA43407369FCC22B1D5D409624CFF57DFA434058207A52261D5D40A48B4D2B85FA4340E223624A241D5D40A323B9FC87FA434043C879FF1F1D5D40B2BE81C98DFA4340D388997D1E1D5D40C8B260E28FFA43403447567E191D5D40BFF1B56796FA4340A3E716BA121D5D40CC24EA059FFA4340A3E716BA121D5D40CC24EA059FFA4340A9D898D7111D5D40E605D847A7FA4340A301BC05121D5D40E5D18DB0A8FA43403274ECA0121D5D40F017B325ABFA4340BADBF5D2141D5D40FFE6C589AFFA434043C879FF1F1D5D402B508BC1C3FA434026547078411D5D40AC8BDB6800FB4340B1C22D1F491D5D40ED6305BF0DFB43403EB324404D1D5D400188BB7A15FB43403D7FDAA84E1D5D40118B187618FB434042226DE34F1D5D40F8C610001CFB4340BF29AC54501D5D4009FEB7921DFB43404E9CDCEF501D5D40247B849A21FB43408A592F86721D5D409A081B9E5EFB434012DBDD03741D5D4099A0866F61FB4340302B14E97E1D5D40D0B7054B75FB4340758F6CAE9A1D5D40630D17B9A7FB434073D9E89C9F1D5D40649291B3B0FB434010B3976DA71D5D408751103CBEFB434010B3976DA71D5D408751103CBEFB4340A24621C9AC1D5D40A0FEB3E6C7FB43404F5AB8ACC21D5D40027FF8F9EFFB4340EBE5779ACC1D5D4017F4DE1802FC434090696D1ADB1D5D4057B5A4A31CFC434055DCB8C5FC1D5D4002B859BC58FC4340DE567A6D361E5D40DF1AD82AC1FC434083A62556461E5D402331410DDFFC43406EC2BD326F1E5D40E4DC26DC2BFD4340FF21FDF6751E5D40F564FED137FD43407F30F0DC7B1E5D4007EDD5C743FD43400AB952CF821E5D403C4B901150FD434014B18861871E5D4062DA37F757FD4340A323B9FC871E5D403ED00A0C59FD4340CC0A45BA9F1E5D40BD35B05582FD4340AE484C50C31E5D404983DBDAC2FD434090BDDEFDF11E5D4005C3B98619FE434090BDDEFDF11E5D4005C3B98619FE43402DB1321AF91E5D4019E76F4221FE4340268C6665FB1E5D40177FDB1324FE434037C30DF8FC1E5D4040DEAB5626FE43407F1475E61E1F5D40A568E55E60FE43401904560E2D1F5D4010255AF278FE43404D486B0C3A1F5D403FE3C28190FE4340CA3505323B1F5D404E7E8B4E96FE4340B47570B0371F5D404912842BA0FE43400514EAE9231F5D4095B54DF1B8FE43408483BD89211F5D409A0AF148BCFE43407F1475E61E1F5D4092B1DAFCBFFE4340776A2E37181F5D40B14F00C5C8FE4340D50792770E1F5D40BCE6559DD5FE4340D66F26A60B1F5D40E411DC48D9FE4340D1CC936B0A1F5D40C6C4E6E3DAFE4340C2172653051F5D40E0D91EBDE1FE43409F724C16F71E5D4006BAF605F4FE4340840CE4D9E51E5D405A828C800AFF4340840CE4D9E51E5D405A828C800AFF43400C40A374E91E5D40622CD32F11FF434004013274EC1E5D407D410B0918FF43401AC1C6F5EF1E5D4078D503E621FF4340A1F48590F31E5D40B3F0F5B52EFF4340239F573CF51E5D40A9FB00A436FF4340236B0DA5F61E5D40B7627FD93DFF43401D9430D3F61E5D40C2DCEEE53EFF4340B1DD3D40F71E5D40DE59BBED42FF43409981CAF8F71E5D40F9A23D5E48FF434028F4FA93F81E5D40FA27B85851FF4340B0A9F3A8F81E5D40116DC7D45DFF43402ECBD765F81E5D4025917D9065FF4340A98427F4FA1E5D402B4EB51666FF434031D28BDAFD1E5D40310BED9C66FF43407380608E1E1F5D402E3BC43F6CFF4340F65E7CD11E1F5D403B1DC87A6AFF4340FC1BB4571F1F5D403C855CA967FF43407923F3C81F1F5D401A170E8464FF43407923F3C81F1F5D401A170E8464FF4340118E59F6241F5D4025917D9065FF434091B6F1272A1F5D40310BED9C66FF4340401878EE3D1F5D401D041DAD6AFF4340514F1F813F1F5D4029B2D6506AFF4340C74B3789411F5D4012BEF73768FF43404FE78A52421F5D40255D33F966FF4340DE59BBED421F5D400E6954E064FF4340558A1D8D431F5D4005BF0D315EFF434060048D99441F5D40D2FC31AD4DFF434060048D99441F5D40D2FC31AD4DFF43405726FC523F1F5D40F7065F984CFF4340C15774EB351F5D40CEA78E554AFF4340C15774EB351F5D40CEA78E554AFF43403E7958A8351F5D40F46A80D250FF43403E7958A8351F5D40F46A80D250FF4340C8CD70033E1F5D40FFB0A54753FF43405169C4CC3E1F5D40E754320054FF43404B92E7FA3E1F5D40F2CEA10C55FF4340C2DCEEE53E1F5D4030BABC395CFF4340	2025-12-08 15:21:03.083561+00	t	101
d2e0d7ae-b5cb-4f05-b3bd-23586a130bb9	d74823ab-1234-4a2a-b9c2-9e909a7b746c	10001	2025-12-07 12:28:30.430822+00	299.00	arrived	测试用户	北京市朝阳区测试地址	0101000020E61000008FC2F5285C1F5D400000000000004440	0101000020E61000006760E4654D1F5D40857AFA08FCFF4340	0102000020E6100000BD0100001A4E999B6F195D4063450DA661F44340213F1BB96E195D40A9143B1A87F4434092CCEA1D6E195D40B360E28FA2F443409F94490D6D195D4042959A3DD0F4434016DF50F86C195D404B732B84D5F4434016DF50F86C195D404B732B84D5F443402E58AA0B78195D403FC571E0D5F44340B471C45A7C195D403317B83CD6F44340B471C45A7C195D403317B83CD6F443403293A8177C195D40543A58FFE7F44340386A85E97B195D4085436FF1F0F44340B471C45A7C195D407E1EA33CF3F44340315F5E807D195D408F554ACFF4F4434033C005D9B2195D409E245D33F9F44340C7D5C8AEB4195D4086C8E9EBF9F44340C7BB2363B5195D4085949F54FBF44340C1E44691B5195D40856055BDFCF443403849F3C7B4195D40DAE1AFC91AF54340BB0D6ABFB5195D40FBE769C020F5434044C362D4B5195D40E814E46723F5434044C362D4B5195D40E814E46723F543406BD784B4C6195D40E223624A24F543407BC03C64CA195D40F38E537424F543407381CB63CD195D40E814E46723F543409032E202D0195D40FA7FD59123F5434004C765DCD4195D40EED11BEE23F543402CF52C08E5195D40E7E099D024F543404CC79C67EC195D400BB77C2425F54340D9D138D4EF195D40ED9DD15625F5434067614F3BFC195D4004C6FA0626F5434009C4EBFA051A5D400A83328D26F543400890A163071A5D40F7AFAC3429F543400E677E35071A5D4021C8410933F543400E677E35071A5D4026512FF834F5434002D369DD061A5D404640852348F5434008AA46AF061A5D405C1D007157F5434003ED0E29061A5D408E7747C66AF5434009C4EBFA051A5D40A29BFD8172F5434009C4EBFA051A5D40AD156D8E73F54340FD2FD7A2051A5D40C45A7C0A80F54340FD2FD7A2051A5D40D591239D81F543400307B474051A5D40D9B27C5D86F5434080289831051A5D40E6E5B0FB8EF5434080289831051A5D40F81C588E90F54340F7729F1C051A5D40FC71FBE593F5434087191A4F041A5D4068041BD7BFF5434087191A4F041A5D405665DF15C1F543406FF1F09E031A5D40CCB8A981E6F5434075C8CD70031A5D40D9EBDD1FEFF54340FF976BD1021A5D403F70952710F64340056F48A3021A5D4046B247A819F64340F3035779021A5D4052499D8026F64340F9DA334B021A5D40753C66A032F64340F9DA334B021A5D4091B932A836F64340F9DA334B021A5D40A2F0D93A38F64340FFB1101D021A5D409F20B1DD3DF6434076FC1708021A5D40923EADA23FF643407CD3F4D9011A5D40B2101D0247F64340F9F4D896011A5D40CCF10A444FF64340703FE081011A5D40B3614D6551F64340FFCBB568011A5D40D5CF9B8A54F643407616BD53011A5D40BC3FDEAB56F643407616BD53011A5D40C1C8CB9A58F643407CED9925011A5D40F33977BB5EF64340FA0E7EE2001A5D40E4874A2366F64340715985CD001A5D40062AE3DF67F643406B9C4D47001A5D400934D8D479F64340EFAEB321FF195D405E81E84999F643407E3B8908FF195D406F8445459CF6434072A774B0FE195D40A96BED7DAAF64340787E5182FE195D409AED0A7DB0F64340E90B21E7FD195D40BF99982EC4F64340EFE2FDB8FD195D40EC4D0CC9C9F64340F5B9DA8AFD195D40F52B9D0FCFF64340EA25C632FD195D400ED940BAD8F643406D1E87C1FC195D402F302B14E9F64340EA3F6B7EFC195D403E97A949F0F64340EA3F6B7EFC195D404FCE50DCF1F64340EA5910CAFB195D4071AAB5300BF74340677BF486FB195D409B5AB6D617F743405C01857AFA195D400400C79E3DF743405C01857AFA195D400400C79E3DF7434072C119FCFD195D40E6E61BD13DF74340F9C08EFF021A5D40F8510DFB3DF74340F9C08EFF021A5D40F8510DFB3DF74340FF976BD1021A5D40E316F37343F7434076E272BC021A5D400551F70148F743407CB94F8E021A5D4019A9F7544EF74340F9DA334B021A5D40406CE9D154F7434070253B36021A5D4032569BFF57F74340ED461FF3011A5D405649641F64F743407CD3F4D9011A5D403C855CA967F74340703FE081011A5D40807EDFBF79F74340703FE081011A5D40807EDFBF79F743401FA16648151A5D40750470B378F743404DF4F928231A5D407BF5F1D077F743405C751DAA291A5D4087A3AB7477F74340556AF6402B1A5D4087A3AB7477F74340DC8310902F1A5D40698A00A777F743406840BD19351A5D40698A00A777F7434004E621533E1A5D407BF5F1D077F7434027D9EA724A1A5D406F47382D78F74340B39597FC4F1A5D4081B2295778F7434048E2E5E95C1A5D40750470B378F74340CA8CB7955E1A5D40750470B378F743409485AFAF751A5D406956B60F79F74340A4A5F276841A5D406E13EE9579F74340BEA085048C1A5D4092E9D0E979F743404FE61F7D931A5D408CF84ECC7AF74340E59A02999D1A5D408BC404357CF74340070C923EAD1A5D406C43C5387FF743408FA7E507AE1A5D407DAEB6627FF7434099B9C0E5B11A5D4095D6DF1280F7434016A75A0BB31A5D4095D6DF1280F74340A83AE466B81A5D4095D6DF1280F743402E54FEB5BC1A5D4095D6DF1280F74340BA10AB3FC21A5D4095D6DF1280F743405534D6FECE1A5D409A93179980F74340F7CABC55D71A5D407D7A6CCB80F7434000750305DE1A5D407D7A6CCB80F743409AB2D30FEA1A5D407D7A6CCB80F74340309B00C3F21A5D407D7A6CCB80F74340D76CE525FF1A5D408EE55DF580F743401B834E081D1B5D407D7A6CCB80F743402191B6F1271B5D408EE55DF580F74340D1747632381B5D408237A45181F743405F7F129F3B1B5D408237A45181F74340EB3BBF28411B5D40A0504F1F81F74340FAF02C41461B5D40A0504F1F81F743401002F225541B5D408EE55DF580F74340BB0ED594641B5D408EE55DF580F7434050A912656F1B5D40A0504F1F81F74340DF1B4300701B5D40A0504F1F81F7434054FEB5BC721B5D40A0504F1F81F74340EF3B86C77E1B5D408237A45181F743409641B5C1891B5D4094A2957B81F7434017B83CD68C1B5D408237A45181F74340A93121E6921B5D408237A45181F74340BEBD6BD0971B5D408237A45181F743403FE603029D1B5D4094A2957B81F74340D02B9E7AA41B5D4094A2957B81F74340C9207711A61B5D408237A45181F743406EBE11DDB31B5D408EE55DF580F743407FDB1324B61B5D408EE55DF580F74340FBAE08FEB71B5D407D7A6CCB80F7434007431D56B81B5D407D7A6CCB80F7434094331477BC1B5D40A741D13C80F7434094331477BC1B5D40A741D13C80F74340048D9944BD1B5D408A90BA9D7DF743408D28ED0DBE1B5D4067EE21E17BF74340147651F4C01B5D4087A3AB7477F743401A19E42EC21B5D406ABE4A3E76F74340130EBDC5C31B5D405F44DB3175F743409B8F6B43C51B5D405987A3AB74F74340ACAC6D8AC71B5D405987A3AB74F743402CD505BCCC1B5D405F44DB3175F743403D0CAD4ECE1B5D40650113B875F743402B8716D9CE1B5D4088D7F50B76F74340BAF94674CF1B5D40707B82C476F74340AD174339D11B5D406956B60F79F74340BD344580D31B5D407825C9737DF74340C3D7D7BAD41B5D4095D6DF1280F74340C3D7D7BAD41B5D4095D6DF1280F74340C72C7B12D81B5D407689EAAD81F74340D00A0C59DD1B5D4088F4DBD781F74340D57954FCDF1B5D409A5FCD0182F743406002B7EEE61B5D4088F4DBD781F7434013B69F8CF11B5D407689EAAD81F743400F98874CF91B5D4088F4DBD781F743402C499EEBFB1B5D4088F4DBD781F74340469561DC0D1C5D409F1C058882F74340454772F90F1C5D4082035ABA82F74340D7C05609161C5D4082035ABA82F74340EC4CA1F31A1C5D409F1C058882F74340F94B8BFA241C5D408EB1135E82F743405B9885764E1C5D4082035ABA82F74340E76ED74B531C5D4082035ABA82F743407880272D5C1C5D409F1C058882F743401B65FD66621C5D409F1C058882F7434096EA025E661C5D409F1C058882F7434095B6B8C6671C5D409F1C058882F743401E520C90681C5D409F1C058882F743402D211FF46C1C5D4082035ABA82F7434001158E20951C5D40936E4BE482F74340ABED26F8A61C5D40936E4BE482F74340D8F2CAF5B61C5D40936E4BE482F74340FA635A9BC61C5D408EB1135E82F743408FE4F21FD21C5D407C46223482F7434028D192C7D31C5D40B5A84F7287F743409A44BDE0D31C5D40A06D35EB8CF74340164CFC51D41C5D40C05C8B16A0F7434010751F80D41C5D40E8D84125AEF7434010751F80D41C5D40F9DB9E20B1F74340992A1895D41C5D4013F1D6F9B7F7434022E010AAD41C5D4019CBF44BC4F743401C0934D8D41C5D407AC6BE64E3F743401C0934D8D41C5D4085402E71E4F743401C0934D8D41C5D4067F3380CE6F74340A5BE2CEDD41C5D40A4AA09A2EEF74340A5BE2CEDD41C5D4090D78349F1F743409FE74F1BD51C5D40CB0F5CE509F8434098F6CDFDD51C5D40CB0F5CE509F84340A8DF85ADD91C5D40E92807B309F8434040FCFCF7E01C5D40D7BD158909F843404E637B2DE81C5D40E92807B309F84340560DC2DCEE1C5D40BF61A2410AF843405B7C0A80F11C5D40BF61A2410AF8434065C22FF5F31C5D40BF61A2410AF84340F14A92E7FA1C5D40BF61A2410AF843409D0DF967061D5D40DD7A4D0F0AF843409D0DF967061D5D40DD7A4D0F0AF843400F812381061D5D40B0C6D97404F843408B8862F2061D5D40B7EBA52902F8434023BF7E880D1D5D40ABECBB22F8F74340AB5AD2510E1D5D4093C49272F7F74340AAF23D23111D5D409F724C16F7F74340AE6186C6131D5D40AB2006BAF6F74340B3EA73B5151D5D409AB51490F6F7434043C879FF1F1D5D409AB51490F6F743405ABC5818221D5D409AB51490F6F74340DB183BE1251D5D40AB2006BAF6F74340DB183BE1251D5D40AB2006BAF6F7434054E57B46221D5D4089B2B794F3F743405ABC5818221D5D40728A8EE4F2F743405ABC5818221D5D40728A8EE4F2F743405ABC5818221D5D40753DD175E1F743405ABC5818221D5D40753DD175E1F743405ABC5818221D5D4084F57F0EF3F7434054E57B46221D5D4089B2B794F3F74340DB183BE1251D5D40AB2006BAF6F74340DB183BE1251D5D40AB2006BAF6F743406AA510C8251D5D40BB0CFFE906F84340E1EF17B3251D5D40D4B9A29410F843406AA510C8251D5D40E08442041CF84340DB183BE1251D5D401BA034D428F84340E1EF17B3251D5D4013471E882CF84340583A1F9E251D5D40317DAF2138F84340E1EF17B3251D5D405D4E098849F843406AA510C8251D5D408CBB41B456F8434064CE33F6251D5D40B858518369F84340D5415E0F261D5D40D55A988576F84340D5415E0F261D5D40DC68006F81F843405EF75624261D5D40253CA1D79FF843405EF75624261D5D403673486AA1F843405EF75624261D5D4046425BCEA5F84340E6AC4F39261D5D403EE94482A9F84340E6AC4F39261D5D404D840D4FAFF84340E6AC4F39261D5D405D876A4AB2F8434058207A52261D5D406F0F4240BEF8434058207A52261D5D408BA9F413CEF84340E0D57267261D5D40B0389CF9D5F8434058207A52261D5D40B05582C5E1F8434058207A52261D5D40EE409DF2E8F8434058207A52261D5D400A0F9A5DF7F84340D5415E0F261D5D4044FCC3961EF9434064CE33F6251D5D4061E124CD1FF9434064CE33F6251D5D40734C16F71FF943405EF75624261D5D40865968E734F943405EF75624261D5D40A20A7F8637F94340D5415E0F261D5D409F3A56293DF94340D5415E0F261D5D409E060C923EF94340D5415E0F261D5D40AF09698D41F94340D5415E0F261D5D40BBD408FD4CF94340D5415E0F261D5D40DE76A1B94EF94340E6AC4F39261D5D40F1B73D4162F94340E6AC4F39261D5D40F04FA91265F94340D5415E0F261D5D4008C9022670F9434064CE33F6251D5D403D27BD6F7CF9434064CE33F6251D5D4053E751F17FF94340E6AC4F39261D5D405F7EA7C98CF9434058207A52261D5D408E1F2A8D98F9434058207A52261D5D408109DCBA9BF9434052499D80261D5D408E3C1059A4F94340E6AC4F39261D5D40B3976DA7ADF94340DAFE9595261D5D40C823B891B2F94340DAFE9595261D5D40C823B891B2F94340639AE95E271D5D40C1FEEBDCB4F94340E544BB0A291D5D40C5538F34B8F94340F0A485CB2A1D5D40D656EC2FBBF943406B44300E2E1D5D40E5F1B4FCC0F94340F277EFA8311D5D40DB300A82C7F9434080B6D5AC331D5D40E085ADD9CAF9434010AE80423D1D5D4000A94D9CDCF943401C42959A3D1D5D4018D1764CDDF94340A20DC006441D5D404772F90FE9F943402F3201BF461D5D40392861A6EDF943402827DA55481D5D405B96AFCBF0F94340395E81E8491D5D405A2E1B9DF3F94340AF5A99F04B1D5D4052D50451F7F9434037C2A2224E1D5D405CE7DF2EFBF94340BA86191A4F1D5D406D1E87C1FCF943403C17467A511D5D407CED992501FA4340B81E85EB511D5D4076FC170802FA4340BDA772DA531D5D408CBCAC8905FA4340CEC47421561D5D408A20CEC309FA4340D34D6210581D5D40A0E062450DFA4340DD5F3DEE5B1D5D40971FB8CA13FA4340E1CE85915E1D5D40B859BC5818FA43406211C30E631D5D40A8A78FC01FFA4340016DAB59671D5D40D0D2156C23FA43407F130A11701D5D40CC9A58E02BFA43402B6EDC627E1D5D401EFB592C45FA4340C72DE6E7861D5D401C7C613255FA4340588D25AC8D1D5D405D88D51F61FA43405859DB148F1D5D4068CEFA9463FA4340516859F78F1D5D404981053065FA4340DFA63FFB911D5D4071AC8BDB68FA4340684293C4921D5D40525F96766AFA4340DCF0BBE9961D5D4066834C3272FA4340F9A1D288991D5D406AA4A5F276FA43408ACDC7B5A11D5D40BCB376DB85FA434006BB61DBA21D5D40A323B9FC87FA434009C21550A81D5D40AF22A30392FA4340209C4F1DAB1D5D40C5AEEDED96FA4340A988D349B61D5D400E315EF3AAFA4340CE177B2FBE1D5D400CE6AF90B9FA4340CDAFE600C11D5D402272FA7ABEFA4340D1EAE40CC51D5D4041446ADAC5FA43404DD87E32C61D5D40583849F3C7FA4340F06E6589CE1D5D405CAAD216D7FA43406C425A63D01D5D407E18213CDAFA434070B1A206D31D5D406420CF2EDFFA4340F7CABC55D71D5D40965D30B8E6FA43408D9944BDE01D5D40B1C398F4F7FA43409D82FC6CE41D5D40CBD8D0CDFEFA4340C18F6AD8EF1D5D4008AD872F13FB4340C47C7901F61D5D401A69A9BC1DFB43404A6249B9FB1D5D4039D384ED27FB4340E44EE960FD1D5D402BBD361B2BFB4340605628D2FD1D5D4025CCB4FD2BFB43405A4B0169FF1D5D4035CF11F92EFB4340EA42ACFE081E5D405001309E41FB4340058C2E6F0E1E5D407FA2B2614DFB434025C9737D1F1E5D40FB03E5B67DFB4340B3D30FEA221E5D40205F420587FB4340C85F5AD4271E5D4038D89B1892FB4340C0EC9E3C2C1E5D404BC8073D9BFB4340CFBBB1A0301E5D405FECBDF8A2FB4340E42D573F361E5D40617138F3ABFB4340658A39083A1E5D407CBABA63B1FB434073F1B73D411E5D4094675E0EBBFB43400C5C1E6B461E5D4085E97B0DC1FB43400AF4893C491E5D408A3E1F65C4FB434014200A664C1E5D40B169A510C8FB4340A0A86C58531E5D409BC6F65AD0FB4340A852B3075A1E5D40D3C08F6AD8FB43402F8672A25D1E5D40E28FA2CEDCFB43404F3E3DB6651E5D4000C63368E8FB4340D0807A336A1E5D40027FF8F9EFFB4340FEEDB25F771E5D40323D618907FC4340863B17467A1E5D4041D829560DFC434001C11C3D7E1E5D404F3FA88B14FC43401AA20A7F861E5D4071CADC7C23FC4340A323B9FC871E5D406F62484E26FC4340A1BB24CE8A1E5D407940D9942BFC434079CDAB3AAB1E5D40130CE71A66FC43406CEBA7FFAC1E5D4029CC7B9C69FC43401CCF6740BD1E5D4074D3669C86FC43401B67D311C01E5D406B4606B98BFC43402C9E7AA4C11E5D406ADE718A8EFC4340A180ED60C41E5D4091D5AD9E93FC4340C6DB4AAFCD1E5D40B22C98F8A3FC434058552FBFD31E5D40B83A00E2AEFC4340583B8A73D41E5D40A69BC420B0FC434071E82D1EDE1E5D4008AEF204C2FC434076711B0DE01E5D40EEE9EA8EC5FC43401538D906EE1E5D402FDFFAB0DEFC43402C634337FB1E5D404D327216F6FC4340DD94F25A091F5D40B6BA9C1210FD4340594E42E90B1F5D409605137F14FD4340D63BDC0E0D1F5D40BF64E3C116FD4340580053060E1F5D40A017EE5C18FD4340D976DA1A111F5D40AFB2B6291EFD43401A6CEA3C2A1F5D404A95287B4BFD4340A5F44C2F311F5D4062DA37F757FD4340BCE82B48331F5D405A8121AB5BFD4340DA0418963F1F5D408A73D4D171FD4340D8B628B3411F5D409B7631CD74FD434054707841441F5D40ACADD85F76FD4340F14927124C1F5D409351651877FD43407172BF43511F5D40A0FF1EBC76FD4340884CF910541F5D409351651877FD4340088F368E581F5D40AE9AE7887CFD434091442FA3581F5D40BE69FAEC80FD43407FD93D79581F5D40B62DCA6C90FD43400E661360581F5D4039639813B4FD434085B01A4B581F5D403E096CCEC1FD434085B01A4B581F5D403718EAB0C2FD43408B87F71C581F5D406B0E10CCD1FD434003D2FE07581F5D408066101FD8FD4340925ED4EE571F5D409F0436E7E0FD43400F80B8AB571F5D40BBEF181EFBFD43400F80B8AB571F5D40E48233F8FBFD434086E464E2561F5D4022C5008926FE434086E464E2561F5D40274EEE7728FE43400306499F561F5D4070D05E7D3CFE434092921E86561F5D4078465B9544FE434080272D5C561F5D4086ADD9CA4BFE434087FE092E561F5D4091442FA358FE43400AF7CABC551F5D40E6400FB56DFE43408141D2A7551F5D40D7F6764B72FE43408D093197541F5D400056478E74FE4340772FF7C9511F5D40034356B77AFE434073DA53724E1F5D40F4C473B680FE434062D7F6764B1F5D400394861A85FE4340C32ADEC83C1F5D404C16F71F99FE4340B47570B0371F5D404912842BA0FE43400514EAE9231F5D4095B54DF1B8FE43409A43520B251F5D409A3E3BE0BAFE4340161747E5261F5D408D28ED0DBEFE43409204E10A281F5D4092B1DAFCBFFE43403197546D371F5D40D272A087DAFE43406D0377A04E1F5D40338B506C05FF43407E3A1E33501F5D40438EAD6708FF434078634161501F5D4073637AC212FF43400133DFC14F1F5D406AA2CF4719FF43406D0377A04E1F5D408EC9E2FE23FF4340FCA9F1D24D1F5D40B324404D2DFF4340EA3E00A94D1F5D40B3F0F5B52EFF4340ECA694D74A1F5D40F6D214014EFF434069FCC22B491F5D4020D4450A65FF4340EDF483BA481F5D40287E8CB96BFF43405E82531F481F5D405987A3AB74FF4340645930F1471F5D40357D76C075FF434058C51B99471F5D406EDFA3FE7AFF4340DCF126BF451F5D40780E65A88AFF43405B7B9FAA421F5D40B08D78B29BFF4340CE8AA8893E1F5D40DD5ED218ADFF4340B8CA13083B1F5D40E9297288B8FF4340B9FE5D9F391F5D40ED4ACB48BDFF4340BFEFDFBC381F5D40EBE2361AC0FF4340C0232A54371F5D4007600322C4FF4340A5DAA7E3311F5D403B8A73D4D1FF43401E8D43FD2E1F5D404A253CA1D7FF4340B2BCAB1E301F5D404AF1F109D9FF43402E90A0F8311F5D405437177FDBFF434038A27BD6351F5D4046ED7E15E0FF4340CB694FC9391F5D405B79C9FFE4FF4340CFD8976C3C1F5D406C7C26FBE7FF4340CE70033E3F1F5D4070D1C952EBFF4340DE736039421F5D406878B306EFFF43406138D730431F5D4073F22213F0FF43406760E4654D1F5D40857AFA08FCFF434000E5EFDE511F5D408E588B4F01004440745FCE6C571F5D409CBF098508004440	2025-12-08 13:48:00.93754+00	t	101
6590570e-51b7-4f13-ac0d-744baf8662a6	d74823ab-1234-4a2a-b9c2-9e909a7b746c	10001	2025-12-07 12:35:14.276632+00	299.00	arrived	测试用户	北京市朝阳区测试地址	0101000020E61000008FC2F5285C1F5D400000000000004440	0101000020E61000006760E4654D1F5D40857AFA08FCFF4340	0102000020E6100000890100001A4E999B6F195D4063450DA661F44340213F1BB96E195D40A9143B1A87F4434092CCEA1D6E195D40B360E28FA2F443409F94490D6D195D4042959A3DD0F4434016DF50F86C195D404B732B84D5F4434016DF50F86C195D404B732B84D5F443402E58AA0B78195D403FC571E0D5F44340B471C45A7C195D403317B83CD6F44340B471C45A7C195D403317B83CD6F443403293A8177C195D40543A58FFE7F44340386A85E97B195D4085436FF1F0F44340B471C45A7C195D407E1EA33CF3F44340315F5E807D195D408F554ACFF4F4434033C005D9B2195D409E245D33F9F44340C7D5C8AEB4195D4086C8E9EBF9F44340C7BB2363B5195D4085949F54FBF44340C1E44691B5195D40856055BDFCF443403849F3C7B4195D40DAE1AFC91AF54340BB0D6ABFB5195D40FBE769C020F5434044C362D4B5195D40E814E46723F5434044C362D4B5195D40E814E46723F543406BD784B4C6195D40E223624A24F543407BC03C64CA195D40F38E537424F543407381CB63CD195D40E814E46723F543409032E202D0195D40FA7FD59123F5434004C765DCD4195D40EED11BEE23F543402CF52C08E5195D40E7E099D024F543404CC79C67EC195D400BB77C2425F54340D9D138D4EF195D40ED9DD15625F5434067614F3BFC195D4004C6FA0626F5434009C4EBFA051A5D400A83328D26F543400890A163071A5D40F7AFAC3429F543400E677E35071A5D4021C8410933F543400E677E35071A5D4026512FF834F5434002D369DD061A5D404640852348F5434008AA46AF061A5D405C1D007157F5434003ED0E29061A5D408E7747C66AF5434009C4EBFA051A5D40A29BFD8172F5434009C4EBFA051A5D40AD156D8E73F54340FD2FD7A2051A5D40C45A7C0A80F54340FD2FD7A2051A5D40D591239D81F543400307B474051A5D40D9B27C5D86F5434080289831051A5D40E6E5B0FB8EF5434080289831051A5D40F81C588E90F54340F7729F1C051A5D40FC71FBE593F5434087191A4F041A5D4068041BD7BFF5434087191A4F041A5D405665DF15C1F543406FF1F09E031A5D40CCB8A981E6F5434075C8CD70031A5D40D9EBDD1FEFF54340FF976BD1021A5D403F70952710F64340056F48A3021A5D4046B247A819F64340F3035779021A5D4052499D8026F64340F9DA334B021A5D40753C66A032F64340F9DA334B021A5D4091B932A836F64340F9DA334B021A5D40A2F0D93A38F64340FFB1101D021A5D409F20B1DD3DF6434076FC1708021A5D40923EADA23FF643407CD3F4D9011A5D40B2101D0247F64340F9F4D896011A5D40CCF10A444FF64340703FE081011A5D40B3614D6551F64340FFCBB568011A5D40D5CF9B8A54F643407616BD53011A5D40BC3FDEAB56F643407616BD53011A5D40C1C8CB9A58F643407CED9925011A5D40F33977BB5EF64340FA0E7EE2001A5D40E4874A2366F64340715985CD001A5D40062AE3DF67F643406B9C4D47001A5D400934D8D479F64340EFAEB321FF195D405E81E84999F643407E3B8908FF195D406F8445459CF6434072A774B0FE195D40A96BED7DAAF64340787E5182FE195D409AED0A7DB0F64340E90B21E7FD195D40BF99982EC4F64340EFE2FDB8FD195D40EC4D0CC9C9F64340F5B9DA8AFD195D40F52B9D0FCFF64340EA25C632FD195D400ED940BAD8F643406D1E87C1FC195D402F302B14E9F64340EA3F6B7EFC195D403E97A949F0F64340EA3F6B7EFC195D404FCE50DCF1F64340EA5910CAFB195D4071AAB5300BF74340677BF486FB195D409B5AB6D617F743405C01857AFA195D400400C79E3DF743405C01857AFA195D400400C79E3DF7434072C119FCFD195D40E6E61BD13DF74340F9C08EFF021A5D40F8510DFB3DF74340F9C08EFF021A5D40F8510DFB3DF74340FF976BD1021A5D40E316F37343F7434076E272BC021A5D400551F70148F743407CB94F8E021A5D4019A9F7544EF74340F9DA334B021A5D40406CE9D154F7434070253B36021A5D4032569BFF57F74340ED461FF3011A5D405649641F64F743407CD3F4D9011A5D403C855CA967F74340703FE081011A5D40807EDFBF79F74340703FE081011A5D40807EDFBF79F743401FA16648151A5D40750470B378F743404DF4F928231A5D407BF5F1D077F743405C751DAA291A5D4087A3AB7477F74340556AF6402B1A5D4087A3AB7477F74340DC8310902F1A5D40698A00A777F743406840BD19351A5D40698A00A777F7434004E621533E1A5D407BF5F1D077F7434027D9EA724A1A5D406F47382D78F74340B39597FC4F1A5D4081B2295778F7434048E2E5E95C1A5D40750470B378F74340CA8CB7955E1A5D40750470B378F743409485AFAF751A5D406956B60F79F74340A4A5F276841A5D406E13EE9579F74340BEA085048C1A5D4092E9D0E979F743404FE61F7D931A5D408CF84ECC7AF74340E59A02999D1A5D408BC404357CF74340070C923EAD1A5D406C43C5387FF743408FA7E507AE1A5D407DAEB6627FF7434099B9C0E5B11A5D4095D6DF1280F7434016A75A0BB31A5D4095D6DF1280F74340A83AE466B81A5D4095D6DF1280F743402E54FEB5BC1A5D4095D6DF1280F74340BA10AB3FC21A5D4095D6DF1280F743405534D6FECE1A5D409A93179980F74340F7CABC55D71A5D407D7A6CCB80F7434000750305DE1A5D407D7A6CCB80F743409AB2D30FEA1A5D407D7A6CCB80F74340309B00C3F21A5D407D7A6CCB80F74340D76CE525FF1A5D408EE55DF580F743401B834E081D1B5D407D7A6CCB80F743402191B6F1271B5D408EE55DF580F74340D1747632381B5D408237A45181F743405F7F129F3B1B5D408237A45181F74340EB3BBF28411B5D40A0504F1F81F74340FAF02C41461B5D40A0504F1F81F743401002F225541B5D408EE55DF580F74340BB0ED594641B5D408EE55DF580F7434050A912656F1B5D40A0504F1F81F74340DF1B4300701B5D40A0504F1F81F7434054FEB5BC721B5D40A0504F1F81F74340EF3B86C77E1B5D408237A45181F743409641B5C1891B5D4094A2957B81F7434017B83CD68C1B5D408237A45181F74340A93121E6921B5D408237A45181F74340BEBD6BD0971B5D408237A45181F743403FE603029D1B5D4094A2957B81F74340D02B9E7AA41B5D4094A2957B81F74340C9207711A61B5D408237A45181F743406EBE11DDB31B5D408EE55DF580F743407FDB1324B61B5D408EE55DF580F74340FBAE08FEB71B5D407D7A6CCB80F7434007431D56B81B5D407D7A6CCB80F7434094331477BC1B5D40A741D13C80F7434094331477BC1B5D40A741D13C80F74340048D9944BD1B5D408A90BA9D7DF743408D28ED0DBE1B5D4067EE21E17BF74340147651F4C01B5D4087A3AB7477F743401A19E42EC21B5D406ABE4A3E76F74340130EBDC5C31B5D405F44DB3175F743409B8F6B43C51B5D405987A3AB74F74340ACAC6D8AC71B5D405987A3AB74F743402CD505BCCC1B5D405F44DB3175F743403D0CAD4ECE1B5D40650113B875F743402B8716D9CE1B5D4088D7F50B76F74340BAF94674CF1B5D40707B82C476F74340AD174339D11B5D406956B60F79F74340BD344580D31B5D407825C9737DF74340C3D7D7BAD41B5D4095D6DF1280F74340C3D7D7BAD41B5D4095D6DF1280F74340C72C7B12D81B5D407689EAAD81F74340D00A0C59DD1B5D4088F4DBD781F74340D57954FCDF1B5D409A5FCD0182F743406002B7EEE61B5D4088F4DBD781F7434013B69F8CF11B5D407689EAAD81F743400F98874CF91B5D4088F4DBD781F743402C499EEBFB1B5D4088F4DBD781F74340469561DC0D1C5D409F1C058882F74340454772F90F1C5D4082035ABA82F74340D7C05609161C5D4082035ABA82F74340EC4CA1F31A1C5D409F1C058882F74340F94B8BFA241C5D408EB1135E82F743405B9885764E1C5D4082035ABA82F74340E76ED74B531C5D4082035ABA82F743407880272D5C1C5D409F1C058882F743401B65FD66621C5D409F1C058882F7434096EA025E661C5D409F1C058882F7434095B6B8C6671C5D409F1C058882F743401E520C90681C5D409F1C058882F743402D211FF46C1C5D4082035ABA82F7434001158E20951C5D40936E4BE482F74340ABED26F8A61C5D40936E4BE482F74340D8F2CAF5B61C5D40936E4BE482F74340FA635A9BC61C5D408EB1135E82F743408FE4F21FD21C5D407C46223482F7434028D192C7D31C5D40B5A84F7287F743409A44BDE0D31C5D40A06D35EB8CF74340164CFC51D41C5D40C05C8B16A0F7434010751F80D41C5D40E8D84125AEF7434010751F80D41C5D40F9DB9E20B1F74340992A1895D41C5D4013F1D6F9B7F7434022E010AAD41C5D4019CBF44BC4F743401C0934D8D41C5D407AC6BE64E3F743401C0934D8D41C5D4085402E71E4F743401C0934D8D41C5D4067F3380CE6F74340A5BE2CEDD41C5D40A4AA09A2EEF74340A5BE2CEDD41C5D4090D78349F1F743409FE74F1BD51C5D40CB0F5CE509F8434098F6CDFDD51C5D40CB0F5CE509F84340A8DF85ADD91C5D40E92807B309F8434040FCFCF7E01C5D40D7BD158909F843404E637B2DE81C5D40E92807B309F84340560DC2DCEE1C5D40BF61A2410AF843405B7C0A80F11C5D40BF61A2410AF8434065C22FF5F31C5D40BF61A2410AF84340F14A92E7FA1C5D40BF61A2410AF843409D0DF967061D5D40DD7A4D0F0AF843409D0DF967061D5D40DD7A4D0F0AF843400F812381061D5D40B0C6D97404F843408B8862F2061D5D40B7EBA52902F8434023BF7E880D1D5D40ABECBB22F8F74340AB5AD2510E1D5D4093C49272F7F74340AAF23D23111D5D409F724C16F7F74340AE6186C6131D5D40AB2006BAF6F74340B3EA73B5151D5D409AB51490F6F7434043C879FF1F1D5D409AB51490F6F743405ABC5818221D5D409AB51490F6F74340DB183BE1251D5D40AB2006BAF6F74340DB183BE1251D5D40AB2006BAF6F7434054E57B46221D5D4089B2B794F3F743405ABC5818221D5D40728A8EE4F2F743405ABC5818221D5D40728A8EE4F2F743405ABC5818221D5D40753DD175E1F743405ABC5818221D5D40753DD175E1F743405ABC5818221D5D4084F57F0EF3F7434054E57B46221D5D4089B2B794F3F74340DB183BE1251D5D40AB2006BAF6F74340DB183BE1251D5D40AB2006BAF6F743406AA510C8251D5D40BB0CFFE906F84340E1EF17B3251D5D40D4B9A29410F843406AA510C8251D5D40E08442041CF84340DB183BE1251D5D401BA034D428F84340E1EF17B3251D5D4013471E882CF84340583A1F9E251D5D40317DAF2138F84340E1EF17B3251D5D405D4E098849F843406AA510C8251D5D408CBB41B456F8434064CE33F6251D5D40B858518369F84340D5415E0F261D5D40D55A988576F84340D5415E0F261D5D40DF6C73637AF84340D9B0A6B2281D5D40DF6C73637AF84340996379573D1D5D40C153C8957AF84340A662635E471D5D40C153C8957AF84340E3361AC05B1D5D40C710001C7BF84340593332C85D1D5D40C710001C7BF8434005C24EB16A1D5D40EBE6E26F7BF843402BA226FA7C1D5D40CDCD37A27BF843403FE08101841D5D40DE3829CC7BF84340D28DB0A8881D5D40DE3829CC7BF84340D9E90775911D5D40E6AE25E483F84340D9E90775911D5D40224F92AE99F84340629F008A911D5D4093020B60CAF84340629F008A911D5D4093020B60CAF84340D3122BA3911D5D40B891B245D2F843405CC823B8911D5D40C860C5A9D6F8434056F146E6911D5D40CFF3A78DEAF8434056F146E6911D5D40D769A4A5F2F84340DFA63FFB911D5D402979758E01F9434056F146E6911D5D402DCE18E604F9434056F146E6911D5D4019C748F608F94340CD3B4ED1911D5D404698A25C1AF943405CC823B8911D5D40734C16F71FF94340CD3B4ED1911D5D40809C306134F94340DFA63FFB911D5D4095F430B43AF94340501A6A14921D5D40A8E49CD843F94340CD3B4ED1911D5D40C4B2994352F943405CC823B8911D5D40D2E5CDE15AF943405CC823B8911D5D40F77475C762F94340CD3B4ED1911D5D404014CC9882F94340629F008A911D5D404A26A77686F94340D3122BA3911D5D40516859F78FF94340CD3B4ED1911D5D409561DC0DA2F94340CD3B4ED1911D5D4086E3F90CA8F94340DFA63FFB911D5D40B1FB8EE1B1F9434056F146E6911D5D40C38366D7BDF94340CD3B4ED1911D5D40C0E78711C2F94340D3122BA3911D5D40E1ED4108C8F94340D3122BA3911D5D40E1ED4108C8F94340DA1D520C901D5D4014B01D8CD8F943404CC5C6BC8E1D5D401BF2CF0CE2F94340473CD9CD8C1D5D405875560BECF94340D15966118A1D5D4075779D0DF9F943404301DBC1881D5D407898F6CDFDF94340BB99D18F861D5D408DF0F62004FA4340ABB019E0821D5D409A232BBF0CFA4340B9FAB1497E1D5D40A8565F5D15FA4340A9DDAF027C1D5D40B72572C119FA43401CEDB8E1771D5D40B421FFCC20FA43407F130A11701D5D40CC9A58E02BFA43400917F2086E1D5D40DC9DB5DB2EFA434073486AA1641D5D40E277D32D3BFA4340ECFA05BB611D5D401B0E4B033FFA4340DFE17668581D5D4003CFBD874BFA4340506F46CD571D5D40098CF50D4CFA43402975C938461D5D405663096B63FA43402975C938461D5D405663096B63FA43409DB81CAF401D5D4064CA87A06AFA4340982F2FC03E1D5D4075012F336CFA43400AD7A3703D1D5D406F10AD156DFA434091B932A8361D5D406DA818E76FFA4340F4C5DE8B2F1D5D408198840B79FA43407369FCC22B1D5D409624CFF57DFA434058207A52261D5D40A48B4D2B85FA4340E223624A241D5D40A323B9FC87FA434043C879FF1F1D5D40B2BE81C98DFA4340D388997D1E1D5D40C8B260E28FFA43403447567E191D5D40BFF1B56796FA4340A3E716BA121D5D40CC24EA059FFA4340A3E716BA121D5D40CC24EA059FFA4340A9D898D7111D5D40E605D847A7FA4340A301BC05121D5D40E5D18DB0A8FA43403274ECA0121D5D40F017B325ABFA4340BADBF5D2141D5D40FFE6C589AFFA434043C879FF1F1D5D402B508BC1C3FA434026547078411D5D40AC8BDB6800FB4340B1C22D1F491D5D40ED6305BF0DFB43403EB324404D1D5D400188BB7A15FB43403D7FDAA84E1D5D40118B187618FB434042226DE34F1D5D40F8C610001CFB4340BF29AC54501D5D4009FEB7921DFB43404E9CDCEF501D5D40247B849A21FB43408A592F86721D5D409A081B9E5EFB434012DBDD03741D5D4099A0866F61FB4340302B14E97E1D5D40D0B7054B75FB4340758F6CAE9A1D5D40630D17B9A7FB434073D9E89C9F1D5D40649291B3B0FB434010B3976DA71D5D408751103CBEFB434010B3976DA71D5D408751103CBEFB4340A24621C9AC1D5D40A0FEB3E6C7FB43404F5AB8ACC21D5D40027FF8F9EFFB4340EBE5779ACC1D5D4017F4DE1802FC434090696D1ADB1D5D4057B5A4A31CFC434055DCB8C5FC1D5D4002B859BC58FC4340DE567A6D361E5D40DF1AD82AC1FC434083A62556461E5D402331410DDFFC43406EC2BD326F1E5D40E4DC26DC2BFD4340FF21FDF6751E5D40F564FED137FD43407F30F0DC7B1E5D4007EDD5C743FD43400AB952CF821E5D403C4B901150FD434014B18861871E5D4062DA37F757FD4340A323B9FC871E5D403ED00A0C59FD4340CC0A45BA9F1E5D40BD35B05582FD4340AE484C50C31E5D404983DBDAC2FD434090BDDEFDF11E5D4005C3B98619FE434090BDDEFDF11E5D4005C3B98619FE43402DB1321AF91E5D4019E76F4221FE4340268C6665FB1E5D40177FDB1324FE434037C30DF8FC1E5D4040DEAB5626FE43407F1475E61E1F5D40A568E55E60FE43401904560E2D1F5D4010255AF278FE43404D486B0C3A1F5D403FE3C28190FE4340CA3505323B1F5D404E7E8B4E96FE4340B47570B0371F5D404912842BA0FE43400514EAE9231F5D4095B54DF1B8FE43409A43520B251F5D409A3E3BE0BAFE4340161747E5261F5D408D28ED0DBEFE43409204E10A281F5D4092B1DAFCBFFE43403197546D371F5D40D272A087DAFE43406D0377A04E1F5D40338B506C05FF43407E3A1E33501F5D40438EAD6708FF434078634161501F5D4073637AC212FF43400133DFC14F1F5D406AA2CF4719FF43406D0377A04E1F5D408EC9E2FE23FF4340FCA9F1D24D1F5D40B324404D2DFF4340EA3E00A94D1F5D40B3F0F5B52EFF4340ECA694D74A1F5D40F6D214014EFF434069FCC22B491F5D4020D4450A65FF4340EDF483BA481F5D40287E8CB96BFF43405E82531F481F5D405987A3AB74FF4340645930F1471F5D40357D76C075FF434058C51B99471F5D406EDFA3FE7AFF4340DCF126BF451F5D40780E65A88AFF43405B7B9FAA421F5D40B08D78B29BFF4340CE8AA8893E1F5D40DD5ED218ADFF4340B8CA13083B1F5D40E9297288B8FF4340B9FE5D9F391F5D40ED4ACB48BDFF4340BFEFDFBC381F5D40EBE2361AC0FF4340C0232A54371F5D4007600322C4FF4340A5DAA7E3311F5D403B8A73D4D1FF43401E8D43FD2E1F5D404A253CA1D7FF4340B2BCAB1E301F5D404AF1F109D9FF43402E90A0F8311F5D405437177FDBFF434038A27BD6351F5D4046ED7E15E0FF4340CB694FC9391F5D405B79C9FFE4FF4340CFD8976C3C1F5D406C7C26FBE7FF4340CE70033E3F1F5D4070D1C952EBFF4340DE736039421F5D406878B306EFFF43406138D730431F5D4073F22213F0FF43406760E4654D1F5D40857AFA08FCFF434000E5EFDE511F5D408E588B4F01004440745FCE6C571F5D409CBF098508004440	2025-12-08 13:22:34.862406+00	t	101
10d257da-f2bf-472a-bfb4-6e4e0a16e083	d74823ab-1234-4a2a-b9c2-9e909a7b746c	10001	2025-12-05 02:01:02.543382+00	60.00	arrived	测试用户B	北京市东城区王府井	0101000020E6100000AC1C5A643B1F5D408FC2F5285CFF4340	0101000020E610000091B6F1272A1F5D40310BED9C66FF4340	0102000020E6100000D70100001A4E999B6F195D4063450DA661F44340213F1BB96E195D40A9143B1A87F4434092CCEA1D6E195D40B360E28FA2F443409F94490D6D195D4042959A3DD0F4434016DF50F86C195D404B732B84D5F4434016DF50F86C195D404B732B84D5F443402E58AA0B78195D403FC571E0D5F44340B471C45A7C195D403317B83CD6F44340B471C45A7C195D403317B83CD6F443403293A8177C195D40543A58FFE7F44340386A85E97B195D4085436FF1F0F44340B471C45A7C195D407E1EA33CF3F44340315F5E807D195D408F554ACFF4F4434033C005D9B2195D409E245D33F9F44340C7D5C8AEB4195D4086C8E9EBF9F44340C7BB2363B5195D4085949F54FBF44340C1E44691B5195D40856055BDFCF443403849F3C7B4195D40DAE1AFC91AF54340BB0D6ABFB5195D40FBE769C020F5434044C362D4B5195D40E814E46723F5434044C362D4B5195D40E814E46723F543406BD784B4C6195D40E223624A24F543407BC03C64CA195D40F38E537424F543407381CB63CD195D40E814E46723F543409032E202D0195D40FA7FD59123F5434004C765DCD4195D40EED11BEE23F543402CF52C08E5195D40E7E099D024F543404CC79C67EC195D400BB77C2425F54340D9D138D4EF195D40ED9DD15625F5434067614F3BFC195D4004C6FA0626F5434009C4EBFA051A5D400A83328D26F543400890A163071A5D40F7AFAC3429F543400E677E35071A5D4021C8410933F543400E677E35071A5D4026512FF834F5434002D369DD061A5D404640852348F5434008AA46AF061A5D405C1D007157F5434003ED0E29061A5D408E7747C66AF5434009C4EBFA051A5D40A29BFD8172F5434009C4EBFA051A5D40AD156D8E73F54340FD2FD7A2051A5D40C45A7C0A80F54340FD2FD7A2051A5D40D591239D81F543400307B474051A5D40D9B27C5D86F5434080289831051A5D40E6E5B0FB8EF5434080289831051A5D40F81C588E90F54340F7729F1C051A5D40FC71FBE593F5434087191A4F041A5D4068041BD7BFF5434087191A4F041A5D405665DF15C1F543406FF1F09E031A5D40CCB8A981E6F5434075C8CD70031A5D40D9EBDD1FEFF54340FF976BD1021A5D403F70952710F64340056F48A3021A5D4046B247A819F64340F3035779021A5D4052499D8026F64340F9DA334B021A5D40753C66A032F64340F9DA334B021A5D4091B932A836F64340F9DA334B021A5D40A2F0D93A38F64340FFB1101D021A5D409F20B1DD3DF6434076FC1708021A5D40923EADA23FF643407CD3F4D9011A5D40B2101D0247F64340F9F4D896011A5D40CCF10A444FF64340703FE081011A5D40B3614D6551F64340FFCBB568011A5D40D5CF9B8A54F643407616BD53011A5D40BC3FDEAB56F643407616BD53011A5D40C1C8CB9A58F643407CED9925011A5D40F33977BB5EF64340FA0E7EE2001A5D40E4874A2366F64340715985CD001A5D40062AE3DF67F643406B9C4D47001A5D400934D8D479F64340EFAEB321FF195D405E81E84999F643407E3B8908FF195D406F8445459CF6434072A774B0FE195D40A96BED7DAAF64340787E5182FE195D409AED0A7DB0F64340E90B21E7FD195D40BF99982EC4F64340EFE2FDB8FD195D40EC4D0CC9C9F64340F5B9DA8AFD195D40F52B9D0FCFF64340EA25C632FD195D400ED940BAD8F643406D1E87C1FC195D402F302B14E9F64340EA3F6B7EFC195D403E97A949F0F64340EA3F6B7EFC195D404FCE50DCF1F64340EA5910CAFB195D4071AAB5300BF74340677BF486FB195D409B5AB6D617F743405C01857AFA195D400400C79E3DF743405C01857AFA195D400400C79E3DF7434072C119FCFD195D40E6E61BD13DF74340F9C08EFF021A5D40F8510DFB3DF74340F9C08EFF021A5D40F8510DFB3DF74340FF976BD1021A5D40E316F37343F7434076E272BC021A5D400551F70148F743407CB94F8E021A5D4019A9F7544EF74340F9DA334B021A5D40406CE9D154F7434070253B36021A5D4032569BFF57F74340ED461FF3011A5D405649641F64F743407CD3F4D9011A5D403C855CA967F74340703FE081011A5D40807EDFBF79F74340703FE081011A5D40807EDFBF79F743401FA16648151A5D40750470B378F743404DF4F928231A5D407BF5F1D077F743405C751DAA291A5D4087A3AB7477F74340556AF6402B1A5D4087A3AB7477F74340DC8310902F1A5D40698A00A777F743406840BD19351A5D40698A00A777F7434004E621533E1A5D407BF5F1D077F7434027D9EA724A1A5D406F47382D78F74340B39597FC4F1A5D4081B2295778F7434048E2E5E95C1A5D40750470B378F74340CA8CB7955E1A5D40750470B378F743409485AFAF751A5D406956B60F79F74340A4A5F276841A5D406E13EE9579F74340BEA085048C1A5D4092E9D0E979F743404FE61F7D931A5D408CF84ECC7AF74340E59A02999D1A5D408BC404357CF74340070C923EAD1A5D406C43C5387FF743408FA7E507AE1A5D407DAEB6627FF7434099B9C0E5B11A5D4095D6DF1280F7434016A75A0BB31A5D4095D6DF1280F74340A83AE466B81A5D4095D6DF1280F743402E54FEB5BC1A5D4095D6DF1280F74340BA10AB3FC21A5D4095D6DF1280F743405534D6FECE1A5D409A93179980F74340F7CABC55D71A5D407D7A6CCB80F7434000750305DE1A5D407D7A6CCB80F743409AB2D30FEA1A5D407D7A6CCB80F74340309B00C3F21A5D407D7A6CCB80F74340D76CE525FF1A5D408EE55DF580F743401B834E081D1B5D407D7A6CCB80F743402191B6F1271B5D408EE55DF580F74340D1747632381B5D408237A45181F743405F7F129F3B1B5D408237A45181F74340EB3BBF28411B5D40A0504F1F81F74340FAF02C41461B5D40A0504F1F81F743401002F225541B5D408EE55DF580F74340BB0ED594641B5D408EE55DF580F7434050A912656F1B5D40A0504F1F81F74340DF1B4300701B5D40A0504F1F81F7434054FEB5BC721B5D40A0504F1F81F74340EF3B86C77E1B5D408237A45181F743409641B5C1891B5D4094A2957B81F7434017B83CD68C1B5D408237A45181F74340A93121E6921B5D408237A45181F74340BEBD6BD0971B5D408237A45181F743403FE603029D1B5D4094A2957B81F74340D02B9E7AA41B5D4094A2957B81F74340C9207711A61B5D408237A45181F743406EBE11DDB31B5D408EE55DF580F743407FDB1324B61B5D408EE55DF580F74340FBAE08FEB71B5D407D7A6CCB80F7434007431D56B81B5D407D7A6CCB80F7434094331477BC1B5D40A741D13C80F7434094331477BC1B5D40A741D13C80F74340048D9944BD1B5D408A90BA9D7DF743408D28ED0DBE1B5D4067EE21E17BF74340147651F4C01B5D4087A3AB7477F743401A19E42EC21B5D406ABE4A3E76F74340130EBDC5C31B5D405F44DB3175F743409B8F6B43C51B5D405987A3AB74F74340ACAC6D8AC71B5D405987A3AB74F743402CD505BCCC1B5D405F44DB3175F743403D0CAD4ECE1B5D40650113B875F743402B8716D9CE1B5D4088D7F50B76F74340BAF94674CF1B5D40707B82C476F74340AD174339D11B5D406956B60F79F74340BD344580D31B5D407825C9737DF74340C3D7D7BAD41B5D4095D6DF1280F74340C3D7D7BAD41B5D4095D6DF1280F74340C72C7B12D81B5D407689EAAD81F74340D00A0C59DD1B5D4088F4DBD781F74340D57954FCDF1B5D409A5FCD0182F743406002B7EEE61B5D4088F4DBD781F7434013B69F8CF11B5D407689EAAD81F743400F98874CF91B5D4088F4DBD781F743402C499EEBFB1B5D4088F4DBD781F74340469561DC0D1C5D409F1C058882F74340454772F90F1C5D4082035ABA82F74340D7C05609161C5D4082035ABA82F74340EC4CA1F31A1C5D409F1C058882F74340F94B8BFA241C5D408EB1135E82F743405B9885764E1C5D4082035ABA82F74340E76ED74B531C5D4082035ABA82F743407880272D5C1C5D409F1C058882F743401B65FD66621C5D409F1C058882F7434096EA025E661C5D409F1C058882F7434095B6B8C6671C5D409F1C058882F743401E520C90681C5D409F1C058882F743402D211FF46C1C5D4082035ABA82F7434001158E20951C5D40936E4BE482F74340ABED26F8A61C5D40936E4BE482F74340D8F2CAF5B61C5D40936E4BE482F74340FA635A9BC61C5D408EB1135E82F743408FE4F21FD21C5D407C46223482F7434028D192C7D31C5D40B5A84F7287F743409A44BDE0D31C5D40A06D35EB8CF74340164CFC51D41C5D40C05C8B16A0F7434010751F80D41C5D40E8D84125AEF7434010751F80D41C5D40F9DB9E20B1F74340992A1895D41C5D4013F1D6F9B7F7434022E010AAD41C5D4019CBF44BC4F743401C0934D8D41C5D407AC6BE64E3F743401C0934D8D41C5D4085402E71E4F743401C0934D8D41C5D4067F3380CE6F74340A5BE2CEDD41C5D40A4AA09A2EEF74340A5BE2CEDD41C5D4090D78349F1F743409FE74F1BD51C5D40CB0F5CE509F8434098F6CDFDD51C5D40CB0F5CE509F84340A8DF85ADD91C5D40E92807B309F8434040FCFCF7E01C5D40D7BD158909F843404E637B2DE81C5D40E92807B309F84340560DC2DCEE1C5D40BF61A2410AF843405B7C0A80F11C5D40BF61A2410AF8434065C22FF5F31C5D40BF61A2410AF84340F14A92E7FA1C5D40BF61A2410AF843409D0DF967061D5D40DD7A4D0F0AF843409D0DF967061D5D40DD7A4D0F0AF843400F812381061D5D40B0C6D97404F843408B8862F2061D5D40B7EBA52902F8434023BF7E880D1D5D40ABECBB22F8F74340AB5AD2510E1D5D4093C49272F7F74340AAF23D23111D5D409F724C16F7F74340AE6186C6131D5D40AB2006BAF6F74340B3EA73B5151D5D409AB51490F6F7434043C879FF1F1D5D409AB51490F6F743405ABC5818221D5D409AB51490F6F74340DB183BE1251D5D40AB2006BAF6F74340DB183BE1251D5D40AB2006BAF6F7434054E57B46221D5D4089B2B794F3F743405ABC5818221D5D40728A8EE4F2F743405ABC5818221D5D40728A8EE4F2F743405ABC5818221D5D40753DD175E1F743405ABC5818221D5D40753DD175E1F743405ABC5818221D5D4084F57F0EF3F7434054E57B46221D5D4089B2B794F3F74340DB183BE1251D5D40AB2006BAF6F74340DB183BE1251D5D40AB2006BAF6F743406AA510C8251D5D40BB0CFFE906F84340E1EF17B3251D5D40D4B9A29410F843406AA510C8251D5D40E08442041CF84340DB183BE1251D5D401BA034D428F84340E1EF17B3251D5D4013471E882CF84340583A1F9E251D5D40317DAF2138F84340E1EF17B3251D5D405D4E098849F843406AA510C8251D5D408CBB41B456F8434064CE33F6251D5D40B858518369F84340D5415E0F261D5D40D55A988576F84340D5415E0F261D5D40DC68006F81F843405EF75624261D5D40253CA1D79FF843405EF75624261D5D403673486AA1F843405EF75624261D5D4046425BCEA5F84340E6AC4F39261D5D403EE94482A9F84340E6AC4F39261D5D404D840D4FAFF84340E6AC4F39261D5D405D876A4AB2F8434058207A52261D5D406F0F4240BEF8434058207A52261D5D408BA9F413CEF84340E0D57267261D5D40B0389CF9D5F8434058207A52261D5D40B05582C5E1F8434058207A52261D5D40EE409DF2E8F8434058207A52261D5D400A0F9A5DF7F84340D5415E0F261D5D4044FCC3961EF9434064CE33F6251D5D4061E124CD1FF9434064CE33F6251D5D40734C16F71FF943405EF75624261D5D40865968E734F943405EF75624261D5D40A20A7F8637F94340D5415E0F261D5D409F3A56293DF94340D5415E0F261D5D409E060C923EF94340D5415E0F261D5D40AF09698D41F94340D5415E0F261D5D40BBD408FD4CF94340D5415E0F261D5D40DE76A1B94EF94340E6AC4F39261D5D40F1B73D4162F94340E6AC4F39261D5D40F04FA91265F94340D5415E0F261D5D4008C9022670F9434064CE33F6251D5D403D27BD6F7CF9434064CE33F6251D5D4053E751F17FF94340E6AC4F39261D5D405F7EA7C98CF9434058207A52261D5D408E1F2A8D98F9434058207A52261D5D408109DCBA9BF9434052499D80261D5D408E3C1059A4F94340E6AC4F39261D5D40B3976DA7ADF94340DAFE9595261D5D40C823B891B2F94340DAFE9595261D5D40C823B891B2F94340639AE95E271D5D40C1FEEBDCB4F94340E544BB0A291D5D40C5538F34B8F94340F0A485CB2A1D5D40D656EC2FBBF943406B44300E2E1D5D40E5F1B4FCC0F94340F277EFA8311D5D40DB300A82C7F9434080B6D5AC331D5D40E085ADD9CAF9434010AE80423D1D5D4000A94D9CDCF943401C42959A3D1D5D4018D1764CDDF94340A20DC006441D5D404772F90FE9F943402F3201BF461D5D40392861A6EDF943402827DA55481D5D405B96AFCBF0F94340395E81E8491D5D405A2E1B9DF3F94340AF5A99F04B1D5D4052D50451F7F9434037C2A2224E1D5D405CE7DF2EFBF94340BA86191A4F1D5D406D1E87C1FCF943403C17467A511D5D407CED992501FA4340B81E85EB511D5D4076FC170802FA4340BDA772DA531D5D408CBCAC8905FA4340CEC47421561D5D408A20CEC309FA4340D34D6210581D5D40A0E062450DFA4340DD5F3DEE5B1D5D40971FB8CA13FA4340E1CE85915E1D5D40B859BC5818FA43406211C30E631D5D40A8A78FC01FFA4340016DAB59671D5D40D0D2156C23FA43407F130A11701D5D40CC9A58E02BFA43402B6EDC627E1D5D401EFB592C45FA4340C72DE6E7861D5D401C7C613255FA4340588D25AC8D1D5D405D88D51F61FA43405859DB148F1D5D4068CEFA9463FA4340516859F78F1D5D404981053065FA4340DFA63FFB911D5D4071AC8BDB68FA4340684293C4921D5D40525F96766AFA4340DCF0BBE9961D5D4066834C3272FA4340F9A1D288991D5D406AA4A5F276FA43408ACDC7B5A11D5D40BCB376DB85FA434006BB61DBA21D5D40A323B9FC87FA434009C21550A81D5D40AF22A30392FA4340209C4F1DAB1D5D40C5AEEDED96FA4340A988D349B61D5D400E315EF3AAFA4340CE177B2FBE1D5D400CE6AF90B9FA4340CDAFE600C11D5D402272FA7ABEFA4340D1EAE40CC51D5D4041446ADAC5FA43404DD87E32C61D5D40583849F3C7FA4340F06E6589CE1D5D405CAAD216D7FA43406C425A63D01D5D407E18213CDAFA434070B1A206D31D5D406420CF2EDFFA4340F7CABC55D71D5D40965D30B8E6FA43408D9944BDE01D5D40B1C398F4F7FA43409D82FC6CE41D5D40CBD8D0CDFEFA4340C18F6AD8EF1D5D4008AD872F13FB4340C47C7901F61D5D401A69A9BC1DFB43404A6249B9FB1D5D4039D384ED27FB4340E44EE960FD1D5D402BBD361B2BFB4340605628D2FD1D5D4025CCB4FD2BFB43405A4B0169FF1D5D4035CF11F92EFB4340EA42ACFE081E5D405001309E41FB4340058C2E6F0E1E5D407FA2B2614DFB434025C9737D1F1E5D40FB03E5B67DFB4340B3D30FEA221E5D40205F420587FB4340C85F5AD4271E5D4038D89B1892FB4340C0EC9E3C2C1E5D404BC8073D9BFB4340CFBBB1A0301E5D405FECBDF8A2FB4340E42D573F361E5D40617138F3ABFB4340658A39083A1E5D407CBABA63B1FB434073F1B73D411E5D4094675E0EBBFB43400C5C1E6B461E5D4085E97B0DC1FB43400AF4893C491E5D408A3E1F65C4FB434014200A664C1E5D40B169A510C8FB4340A0A86C58531E5D409BC6F65AD0FB4340A852B3075A1E5D40D3C08F6AD8FB43402F8672A25D1E5D40E28FA2CEDCFB43404F3E3DB6651E5D4000C63368E8FB4340D0807A336A1E5D40027FF8F9EFFB4340FEEDB25F771E5D40323D618907FC4340863B17467A1E5D4041D829560DFC434001C11C3D7E1E5D404F3FA88B14FC43401AA20A7F861E5D4071CADC7C23FC4340A323B9FC871E5D406F62484E26FC4340A1BB24CE8A1E5D407940D9942BFC434079CDAB3AAB1E5D40130CE71A66FC43406CEBA7FFAC1E5D4029CC7B9C69FC43401CCF6740BD1E5D4074D3669C86FC43401B67D311C01E5D406B4606B98BFC43402C9E7AA4C11E5D406ADE718A8EFC4340A180ED60C41E5D4091D5AD9E93FC4340C6DB4AAFCD1E5D40B22C98F8A3FC434058552FBFD31E5D40B83A00E2AEFC4340583B8A73D41E5D40A69BC420B0FC434071E82D1EDE1E5D4008AEF204C2FC434076711B0DE01E5D40EEE9EA8EC5FC43401538D906EE1E5D402FDFFAB0DEFC43402C634337FB1E5D404D327216F6FC434027DA5548F91E5D4069E388B5F8FC434011FDDAFAE91E5D40944C4EED0CFD4340ECA17DACE01E5D40C9AA083719FD4340E28FA2CEDC1E5D40C11DA8531EFD434042959A3DD01E5D40FAD005F52DFD43402A029CDEC51E5D40FF76D9AF3BFD43408E76DCF0BB1E5D402EE411DC48FD43407BA01518B21E5D4051A3906456FD43400B47904AB11E5D403E0455A357FD4340FFB27BF2B01E5D4062DA37F757FD4340731074B4AA1E5D406A50340F60FD4340732A1900AA1E5D4057B1F84D61FD434061545227A01E5D40861E317A6EFD4340C90391459A1E5D4088D7F50B76FD4340BFF1B567961E5D40AE9AE7887CFD43402A711DE38A1E5D40D0251C7A8BFD4340A323B9FC871E5D40DA37F7578FFD43409206B7B5851E5D40CD21A98592FD434017670C73821E5D40CB85CABF96FD4340FB03E5B67D1E5D40FDF675E09CFD434008008E3D7B1E5D40014C1938A0FD43407AA702EE791E5D401283C0CAA1FD4340EA7B0DC1711E5D40199128B4ACFD4340622EA9DA6E1E5D4011381268B0FD4340E083D72E6D1E5D403997E2AAB2FD434041D7BE805E1E5D403B6D8D08C6FD4340170D198F521E5D407BDD2230D6FD43409548A297511E5D40683EE76ED7FD4340A7CD380D511E5D408066101FD8FD4340198F52094F1E5D406C938AC6DAFD43401ADD41EC4C1E5D406B2BF697DDFD4340F7031E18401E5D409EEDD11BEEFD4340F2608BDD3E1E5D40AF2479AEEFFD434073F1B73D411E5D40AD889AE8F3FD43408E209562471E5D40C501F4FBFEFD4340882F1345481E5D40E8A38CB800FE4340813E9127491E5D40C956975302FE43400858AB764D1E5D40EFE53E390AFE434032569BFF571E5D402140868E1DFE4340A3AF20CD581E5D4032772D211FFE434030D461855B1E5D40177FDB1324FE4340CC5F2173651E5D404B75012F33FE4340FEEDB25F771E5D40912749D74CFE4340FD851E317A1E5D40ADA415DF50FE434091813CBB7C1E5D40A54BFF9254FE43401212691B7F1E5D40A9A0A2EA57FE4340A323B9FC871E5D40B537F8C264FE4340B30C71AC8B1E5D40BE1589096AFE4340B18A37328F1E5D40E50CC51D6FFE4340B5DFDA89921E5D40EEEA556474FE434042EA76F6951E5D40DF6C73637AFE4340D906EE409D1E5D401A88653387FE43400B613596B01E5D407A1B9B1DA9FE434009F9A067B31E5D408FA7E507AEFE434085984BAAB61E5D4080290307B4FE43400D0055DCB81E5D409CA6CF0EB8FE43401CCF6740BD1E5D4092B1DAFCBFFE43401CB5C2F4BD1E5D40AF963B33C1FE434027158DB5BF1E5D40A180ED60C4FE4340A9BF5E61C11E5D40B2834A5CC7FE4340B6D8EDB3CA1E5D40BB7EC16ED8FE4340C138B874CC1E5D40DDEC0F94DBFE434050FC1873D71E5D400856D5CBEFFE4340799274CDE41E5D4055F99E9108FF4340840CE4D9E51E5D405A828C800AFF43400C40A374E91E5D40622CD32F11FF434004013274EC1E5D407D410B0918FF43401AC1C6F5EF1E5D4078D503E621FF4340A1F48590F31E5D40B3F0F5B52EFF4340239F573CF51E5D40A9FB00A436FF4340236B0DA5F61E5D40B7627FD93DFF43401D9430D3F61E5D40C2DCEEE53EFF4340B1DD3D40F71E5D40DE59BBED42FF43409981CAF8F71E5D40F9A23D5E48FF434028F4FA93F81E5D40FA27B85851FF4340B0A9F3A8F81E5D40116DC7D45DFF43402ECBD765F81E5D4025917D9065FF4340A98427F4FA1E5D402B4EB51666FF434031D28BDAFD1E5D40310BED9C66FF43407380608E1E1F5D402E3BC43F6CFF4340F65E7CD11E1F5D403B1DC87A6AFF4340FC1BB4571F1F5D403C855CA967FF43407923F3C81F1F5D401A170E8464FF43407923F3C81F1F5D401A170E8464FF4340118E59F6241F5D4025917D9065FF434091B6F1272A1F5D40310BED9C66FF4340401878EE3D1F5D401D041DAD6AFF4340514F1F813F1F5D4029B2D6506AFF4340C74B3789411F5D4012BEF73768FF43404FE78A52421F5D40255D33F966FF4340DE59BBED421F5D400E6954E064FF4340558A1D8D431F5D4005BF0D315EFF434060048D99441F5D40D2FC31AD4DFF434060048D99441F5D40D2FC31AD4DFF43405726FC523F1F5D40F7065F984CFF4340C15774EB351F5D40CEA78E554AFF4340C15774EB351F5D40CEA78E554AFF43403E7958A8351F5D40F46A80D250FF43403E7958A8351F5D40F46A80D250FF4340C8CD70033E1F5D40FFB0A54753FF43405169C4CC3E1F5D40E754320054FF43404B92E7FA3E1F5D40F2CEA10C55FF4340C2DCEEE53E1F5D4030BABC395CFF4340	2025-12-08 13:48:36.50631+00	t	101
\.


--
-- Data for Name: spatial_ref_sys; Type: TABLE DATA; Schema: public; Owner: postgres
--

COPY public.spatial_ref_sys (srid, auth_name, auth_srid, srtext, proj4text) FROM stdin;
\.


--
-- Data for Name: users; Type: TABLE DATA; Schema: public; Owner: postgres
--

COPY public.users (id, phone, name, created_at) FROM stdin;
d74823ab-1234-4a2a-b9c2-9e909a7b746c	13900001234	测试用户	2025-12-05 07:56:48.587325+00
\.


--
-- Data for Name: topology; Type: TABLE DATA; Schema: topology; Owner: postgres
--

COPY topology.topology (id, name, srid, "precision", hasz, useslargeids) FROM stdin;
\.


--
-- Data for Name: layer; Type: TABLE DATA; Schema: topology; Owner: postgres
--

COPY topology.layer (topology_id, layer_id, schema_name, table_name, feature_column, feature_type, level, child_id) FROM stdin;
\.


--
-- Name: jobid_seq; Type: SEQUENCE SET; Schema: cron; Owner: postgres
--

SELECT pg_catalog.setval('cron.jobid_seq', 1, false);


--
-- Name: runid_seq; Type: SEQUENCE SET; Schema: cron; Owner: postgres
--

SELECT pg_catalog.setval('cron.runid_seq', 1, false);


--
-- Name: delivery_rules_id_seq; Type: SEQUENCE SET; Schema: public; Owner: postgres
--

SELECT pg_catalog.setval('public.delivery_rules_id_seq', 1, false);


--
-- Name: fences_id_seq; Type: SEQUENCE SET; Schema: public; Owner: postgres
--

SELECT pg_catalog.setval('public.fences_id_seq', 7, true);


--
-- Name: topology_id_seq; Type: SEQUENCE SET; Schema: topology; Owner: postgres
--

SELECT pg_catalog.setval('topology.topology_id_seq', 1, false);


--
-- Name: delivery_rules delivery_rules_name_key; Type: CONSTRAINT; Schema: public; Owner: postgres
--

ALTER TABLE ONLY public.delivery_rules
    ADD CONSTRAINT delivery_rules_name_key UNIQUE (name);


--
-- Name: delivery_rules delivery_rules_pkey; Type: CONSTRAINT; Schema: public; Owner: postgres
--

ALTER TABLE ONLY public.delivery_rules
    ADD CONSTRAINT delivery_rules_pkey PRIMARY KEY (id);


--
-- Name: fences fences_pkey; Type: CONSTRAINT; Schema: public; Owner: postgres
--

ALTER TABLE ONLY public.fences
    ADD CONSTRAINT fences_pkey PRIMARY KEY (id);


--
-- Name: merchants merchants_pkey; Type: CONSTRAINT; Schema: public; Owner: postgres
--

ALTER TABLE ONLY public.merchants
    ADD CONSTRAINT merchants_pkey PRIMARY KEY (id);


--
-- Name: orders orders_pkey; Type: CONSTRAINT; Schema: public; Owner: postgres
--

ALTER TABLE ONLY public.orders
    ADD CONSTRAINT orders_pkey PRIMARY KEY (id);


--
-- Name: users users_phone_key; Type: CONSTRAINT; Schema: public; Owner: postgres
--

ALTER TABLE ONLY public.users
    ADD CONSTRAINT users_phone_key UNIQUE (phone);


--
-- Name: users users_pkey; Type: CONSTRAINT; Schema: public; Owner: postgres
--

ALTER TABLE ONLY public.users
    ADD CONSTRAINT users_pkey PRIMARY KEY (id);


--
-- Name: fences_gix; Type: INDEX; Schema: public; Owner: postgres
--

CREATE INDEX fences_gix ON public.fences USING gist (geometry);


--
-- Name: order_recipient_coords_gix; Type: INDEX; Schema: public; Owner: postgres
--

CREATE INDEX order_recipient_coords_gix ON public.orders USING gist (recipient_coords);


--
-- Name: order_route_path_gix; Type: INDEX; Schema: public; Owner: postgres
--

CREATE INDEX order_route_path_gix ON public.orders USING gist (route_path);


--
-- Name: fences fences_merchant_id_fkey; Type: FK CONSTRAINT; Schema: public; Owner: postgres
--

ALTER TABLE ONLY public.fences
    ADD CONSTRAINT fences_merchant_id_fkey FOREIGN KEY (merchant_id) REFERENCES public.merchants(id) ON DELETE CASCADE;


--
-- Name: fences fences_rule_id_fkey; Type: FK CONSTRAINT; Schema: public; Owner: postgres
--

ALTER TABLE ONLY public.fences
    ADD CONSTRAINT fences_rule_id_fkey FOREIGN KEY (rule_id) REFERENCES public.delivery_rules(id) ON DELETE SET NULL;


--
-- Name: orders fk_order_delivery_rule; Type: FK CONSTRAINT; Schema: public; Owner: postgres
--

ALTER TABLE ONLY public.orders
    ADD CONSTRAINT fk_order_delivery_rule FOREIGN KEY (rule_id) REFERENCES public.delivery_rules(id) ON DELETE SET NULL;


--
-- Name: orders orders_merchant_id_fkey; Type: FK CONSTRAINT; Schema: public; Owner: postgres
--

ALTER TABLE ONLY public.orders
    ADD CONSTRAINT orders_merchant_id_fkey FOREIGN KEY (merchant_id) REFERENCES public.merchants(id) ON DELETE SET NULL;


--
-- Name: orders orders_user_id_fkey; Type: FK CONSTRAINT; Schema: public; Owner: postgres
--

ALTER TABLE ONLY public.orders
    ADD CONSTRAINT orders_user_id_fkey FOREIGN KEY (user_id) REFERENCES public.users(id) ON DELETE SET NULL;


--
-- PostgreSQL database dump complete
--

\unrestrict 7EMsf04JvuWEhkVYfOep41I6NbaFVKdkpHQtEwUeaQzeDoSjyg1kD9fdIzksnxq

